base1,quote1,base2,quote2,base3,quote3
A,USDC,USDT,USDC,A,USDT
A,BTC,BTC,USDT,A,USDT
A,BTC,BTC,USDC,A,USDC
A,BTC,ETH,BTC,A,ETH
A,ETH,ETH,USDT,A,USDT
A,ETH,ETH,USDC,A,USDC
AAVE,BTC,BTC,USDT,AAVE,USDT
ADA,KCS,KCS,USDC,ADA,USDC
ADA,KCS,KCS,USDT,ADA,USDT
ADA,USD1,USD1,USDT,ADA,USDT
ADA,BTC,KCS,BTC,ADA,KCS
ADA,BTC,BTC,USD1,ADA,USD1
ADA,BTC,BTC,USDT,ADA,USDT
ADA,BTC,BTC,USDC,ADA,USDC
ADA,USDC,USDT,USDC,ADA,USDT
ADX,USDC,USDT,USDC,ADX,USDT
ALGO,ETH,ETH,USDT,ALGO,USDT
ALGO,ETH,ETH,USDC,ALGO,USDC
ALGO,USDC,USDT,USDC,ALGO,USDT
ALGO,BTC,ETH,BTC,ALGO,ETH
ALGO,BTC,BTC,USDT,ALGO,USDT
ALGO,BTC,BTC,USDC,ALGO,USDC
AMPL,BTC,BTC,USDT,AMPL,USDT
ANKR,BTC,BTC,USDT,ANKR,USDT
APE,USDC,USDT,USDC,APE,USDT
AR,BTC,BTC,USDT,AR,USDT
ASTR,BTC,BTC,USDT,ASTR,USDT
ATOM,USDC,USDT,USDC,ATOM,USDT
ATOM,BTC,ETH,BTC,ATOM,ETH
ATOM,BTC,BTC,USDT,ATOM,USDT
ATOM,BTC,BTC,USDC,ATOM,USDC
ATOM,ETH,ETH,USDC,ATOM,USDC
ATOM,ETH,ETH,USDT,ATOM,USDT
AVA,BTC,ETH,BTC,AVA,ETH
AVA,BTC,BTC,USDT,AVA,USDT
AVA,ETH,ETH,USDT,AVA,USDT
AVAX,USDC,USDT,USDC,AVAX,USDT
AVAX,BTC,BTC,USDC,AVAX,USDC
AVAX,BTC,BTC,USDT,AVAX,USDT
BAX,ETH,ETH,USDT,BAX,USDT
BAX,BTC,ETH,BTC,BAX,ETH
BAX,BTC,BTC,USDT,BAX,USDT
BCH,BTC,BTC,USDT,BCH,USDT
BCH,BTC,BTC,USDC,BCH,USDC
BCH,USDC,USDT,USDC,BCH,USDT
BCHSV,BTC,BTC,USDT,BCHSV,USDT
BCHSV,BTC,ETH,BTC,BCHSV,ETH
BCHSV,BTC,BTC,USDC,BCHSV,USDC
BCHSV,ETH,ETH,USDC,BCHSV,USDC
BCHSV,ETH,ETH,USDT,BCHSV,USDT
BCHSV,USDC,USDT,USDC,BCHSV,USDT
BDX,BTC,BTC,USDT,BDX,USDT
BNB,BTC,BTC,USDT,BNB,USDT
BNB,BTC,KCS,BTC,BNB,KCS
BNB,BTC,BTC,USDC,BNB,USDC
BNB,KCS,KCS,USDT,BNB,USDT
BNB,KCS,KCS,USDC,BNB,USDC
BNB,USDC,USDT,USDC,BNB,USDT
BTC,BRL,ETH,BTC,ETH,BRL
BTC,BRL,BTC,USDT,USDT,BRL
ETH,BRL,ETH,USDT,USDT,BRL
DASH,BTC,DASH,ETH,ETH,BTC
DASH,BTC,DASH,USDT,BTC,USDT
NEAR,BTC,NEAR,USDC,BTC,USDC
NEAR,BTC,NEAR,USDT,BTC,USDT
ERG,BTC,ERG,USDT,BTC,USDT
SCRT,BTC,SCRT,USDT,BTC,USDT
DOT,BTC,DOT,KCS,KCS,BTC
DOT,BTC,DOT,USDT,BTC,USDT
DOT,BTC,DOT,USDC,BTC,USDC
REQ,BTC,REQ,USDT,BTC,USDT
CKB,BTC,CKB,USDT,BTC,USDT
NKN,BTC,NKN,USDT,BTC,USDT
RSR,BTC,RSR,USDT,BTC,USDT
CHZ,BTC,CHZ,USDT,BTC,USDT
TEL,BTC,TEL,USDT,BTC,USDT
TEL,BTC,TEL,USDC,BTC,USDC
SXP,BTC,SXP,USDT,BTC,USDT
POND,BTC,POND,USDT,BTC,USDT
ETC,BTC,ETC,USDC,BTC,USDC
ETC,BTC,ETC,ETH,ETH,BTC
ETC,BTC,ETC,USDT,BTC,USDT
DOGE,BTC,DOGE,USDT,BTC,USDT
DOGE,BTC,DOGE,USD1,BTC,USD1
DOGE,BTC,DOGE,USDC,BTC,USDC
DOGE,BTC,DOGE,KCS,KCS,BTC
ELA,BTC,ELA,USDT,BTC,USDT
DGB,BTC,DGB,ETH,ETH,BTC
DGB,BTC,DGB,USDT,BTC,USDT
TRX,BTC,WIN,TRX,WIN,BTC
TRX,BTC,TRX,USDC,BTC,USDC
TRX,BTC,TRX,USDT,BTC,USDT
BTC,EUR,USDC,EUR,BTC,USDC
BTC,EUR,USDT,EUR,BTC,USDT
IOTA,BTC,IOTA,USDT,BTC,USDT
ONE,BTC,ONE,USDT,BTC,USDT
EGLD,BTC,EGLD,USDT,BTC,USDT
OGN,BTC,OGN,USDT,BTC,USDT
SNX,BTC,SNX,USDT,BTC,USDT
CRO,BTC,CRO,USDT,BTC,USDT
TRAC,BTC,TRAC,USDT,BTC,USDT
SKL,BTC,SKL,USDT,BTC,USDT
LTC,BTC,LTC,USDT,BTC,USDT
LTC,BTC,LTC,USDC,BTC,USDC
KLV,BTC,KLV,USDT,BTC,USDT
KLV,BTC,KLV,TRX,TRX,BTC
SUPER,BTC,SUPER,USDT,BTC,USDT
NEO,BTC,NEO,USDT,BTC,USDT
HBAR,BTC,HBAR,USDT,BTC,USDT
HBAR,BTC,HBAR,USDC,BTC,USDC
BTC,DAI,ETH,DAI,ETH,BTC
BTC,DAI,USDT,DAI,BTC,USDT
BTC,USDC,XLM,USDC,XLM,BTC
BTC,USDC,VRA,USDC,VRA,BTC
BTC,USDC,XMR,USDC,XMR,BTC
BTC,USDC,USDT,USDC,BTC,USDT
BTC,USDC,XRP,USDC,XRP,BTC
GAS,BTC,GAS,USDT,BTC,USDT
OM,BTC,OM,USDT,BTC,USDT
FET,BTC,FET,USDT,BTC,USDT
FET,BTC,FET,USDC,BTC,USDC
KRL,BTC,KRL,USDT,BTC,USDT
ETH,BTC,ETH,USD1,BTC,USD1
ETH,BTC,XRP,ETH,XRP,BTC
ETH,BTC,KNC,ETH,KNC,BTC
ETH,BTC,XDC,ETH,XDC,BTC
ETH,BTC,TEL,ETH,TEL,BTC
ETH,BTC,VET,ETH,VET,BTC
ETH,BTC,XYO,ETH,XYO,BTC
ETH,BTC,TRX,ETH,TRX,BTC
ETH,BTC,ETH,EUR,BTC,EUR
ETH,BTC,SNX,ETH,SNX,BTC
ETH,BTC,TRAC,ETH,TRAC,BTC
ETH,BTC,LTC,ETH,LTC,BTC
ETH,BTC,ETH,USDC,BTC,USDC
ETH,BTC,XLM,ETH,XLM,BTC
ETH,BTC,FET,ETH,FET,BTC
ETH,BTC,IOTX,ETH,IOTX,BTC
ETH,BTC,KCS,ETH,KCS,BTC
ETH,BTC,ONT,ETH,ONT,BTC
ETH,BTC,XMR,ETH,XMR,BTC
ETH,BTC,ETH,USDT,BTC,USDT
DAG,BTC,DAG,USDT,BTC,USDT
DAG,BTC,DAG,ETH,ETH,BTC
COTI,BTC,COTI,USDT,BTC,USDT
RUNE,BTC,RUNE,USDC,BTC,USDC
RUNE,BTC,RUNE,USDT,BTC,USDT
STX,BTC,STX,USDT,BTC,USDT
IOTX,BTC,IOTX,USDT,BTC,USDT
KCS,BTC,LTC,KCS,LTC,BTC
KCS,BTC,KCS,USDC,BTC,USDC
KCS,BTC,KCS,USDT,BTC,USDT
KCS,BTC,XRP,KCS,XRP,BTC
LINK,BTC,LINK,USDC,BTC,USDC
LINK,BTC,LINK,USDT,BTC,USDT
INJ,BTC,INJ,USDT,BTC,USDT
INJ,BTC,INJ,USDC,BTC,USDC
CFX,BTC,CFX,USDT,BTC,USDT
PERP,BTC,PERP,USDT,BTC,USDT
KAS,BTC,KAS,USDT,BTC,USDT
KAS,BTC,KAS,USDC,BTC,USDC
TWT,BTC,TWT,USDT,BTC,USDT
EWT,BTC,EWT,USDT,BTC,USDT
ONT,BTC,ONT,USDT,BTC,USDT
RLC,BTC,RLC,USDT,BTC,USDT
TRVL,BTC,TRVL,USDT,BTC,USDT
BTC,USDT,XLM,USDT,XLM,BTC
BTC,USDT,VRA,USDT,VRA,BTC
BTC,USDT,XCN,USDT,XCN,BTC
BTC,USDT,XMR,USDT,XMR,BTC
BTC,USDT,ZEC,USDT,ZEC,BTC
BTC,USDT,XRP,USDT,XRP,BTC
BTC,USDT,XDC,USDT,XDC,BTC
BTC,USDT,WIN,USDT,WIN,BTC
BTC,USDT,WBTC,USDT,WBTC,BTC
BTC,USDT,WAN,USDT,WAN,BTC
BTC,USDT,VET,USDT,VET,BTC
BTC,USDT,XYO,USDT,XYO,BTC
BTC,USDT,VSYS,USDT,VSYS,BTC
BTC,USDT,XTZ,USDT,XTZ,BTC
BTC,USDT,WAVES,USDT,WAVES,BTC
BTC,USD1,USD1,USDT,BTC,USDT
BTC,USD1,XRP,USD1,XRP,BTC
ICP,BTC,ICP,USDT,BTC,USDT
KNC,BTC,KNC,USDT,BTC,USDT
PAXG,BTC,PAXG,USDT,BTC,USDT
BTC,USDG,USDG,USDT,BTC,USDT
BULLA,USD1,USD1,USDT,BULLA,USDT
CSPR,ETH,ETH,USDT,CSPR,USDT
DAG,ETH,ETH,USDT,DAG,USDT
ETH,DAI,ETH,USDT,USDT,DAI
DASH,ETH,ETH,USDT,DASH,USDT
DGB,ETH,ETH,USDT,DGB,USDT
DOGE,USDC,USDT,USDC,DOGE,USDT
DOGE,KCS,KCS,USDT,DOGE,USDT
DOGE,KCS,KCS,USDC,DOGE,USDC
SHIB,DOGE,SHIB,USDT,DOGE,USDT
SHIB,DOGE,SHIB,USDC,DOGE,USDC
DOGE,USD1,USD1,USDT,DOGE,USDT
DOT,KCS,KCS,USDC,DOT,USDC
DOT,KCS,KCS,USDT,DOT,USDT
DOT,USDC,USDT,USDC,DOT,USDT
DYP,ETH,ETH,USDT,DYP,USDT
EGL1,USD1,USD1,USDT,EGL1,USDT
ENA,USDC,USDT,USDC,ENA,USDT
ENJ,ETH,ETH,USDT,ENJ,USDT
ETC,ETH,ETH,USDC,ETC,USDC
ETC,ETH,ETH,USDT,ETC,USDT
ETC,USDC,USDT,USDC,ETC,USDT
STORJ,ETH,STORJ,USDT,ETH,USDT
SNX,ETH,SNX,USDT,ETH,USDT
TEL,ETH,TEL,USDT,ETH,USDT
TEL,ETH,TEL,USDC,ETH,USDC
ETH,USDC,XRP,USDC,XRP,ETH
ETH,USDC,XLM,USDC,XLM,ETH
ETH,USDC,ZIL,USDC,ZIL,ETH
ETH,USDC,USDT,USDC,ETH,USDT
ETH,USDC,XMR,USDC,XMR,ETH
MANA,ETH,MANA,USDT,ETH,USDT
TRAC,ETH,TRAC,USDT,ETH,USDT
ONT,ETH,ONT,USDT,ETH,USDT
MOVR,ETH,MOVR,USDT,ETH,USDT
ETH,USD1,XRP,USD1,XRP,ETH
ETH,USD1,USD1,USDT,ETH,USDT
ICX,ETH,ICX,USDT,ETH,USDT
KNC,ETH,KNC,USDT,ETH,USDT
ETH,USDT,XYO,USDT,XYO,ETH
ETH,USDT,XMR,USDT,XMR,ETH
ETH,USDT,XDC,USDT,XDC,ETH
ETH,USDT,VET,USDT,VET,ETH
ETH,USDT,XRP,USDT,XRP,ETH
ETH,USDT,XLM,USDT,XLM,ETH
ETH,USDT,ZIL,USDT,ZIL,ETH
LTC,ETH,LTC,USDT,ETH,USDT
LTC,ETH,LTC,USDC,ETH,USDC
FET,ETH,FET,USDC,ETH,USDC
FET,ETH,FET,USDT,ETH,USDT
KCS,ETH,KCS,USDC,ETH,USDC
KCS,ETH,KCS,USDT,ETH,USDT
KCS,ETH,LTC,KCS,LTC,ETH
KCS,ETH,XRP,KCS,XRP,ETH
LYX,ETH,LYX,USDT,ETH,USDT
IOTX,ETH,IOTX,USDT,ETH,USDT
ETH,EUR,USDC,EUR,ETH,USDC
ETH,EUR,USDT,EUR,ETH,USDT
TRX,ETH,TRX,USDC,ETH,USDC
TRX,ETH,TRX,USDT,ETH,USDT
IOST,ETH,IOST,USDT,ETH,USDT
USDC,EUR,USDT,USDC,USDT,EUR
FARTCOIN,USDC,USDT,USDC,FARTCOIN,USDT
FET,USDC,USDT,USDC,FET,USDT
FLOKI,USDC,USDT,USDC,FLOKI,USDT
FLR,USDC,USDT,USDC,FLR,USDT
FLUX,USDC,USDT,USDC,FLUX,USDT
GMT,USDC,USDT,USDC,GMT,USDT
HBAR,USDC,USDT,USDC,HBAR,USDT
HYPE,USDC,USDT,USDC,HYPE,USDT
HYPE,KCS,KCS,USDT,HYPE,USDT
HYPE,KCS,KCS,USDC,HYPE,USDC
INJ,USDC,USDT,USDC,INJ,USDT
JASMY,USDC,USDT,USDC,JASMY,USDT
JUP,USDC,USDT,USDC,JUP,USDT
KAS,USDC,USDT,USDC,KAS,USDT
SOL,KCS,SOL,USDC,KCS,USDC
SOL,KCS,SOL,USDT,KCS,USDT
SUI,KCS,SUI,USDT,KCS,USDT
SUI,KCS,SUI,USDC,KCS,USDC
KCS,USDC,USDT,USDC,KCS,USDT
KCS,USDC,XRP,USDC,XRP,KCS
LTC,KCS,LTC,USDC,KCS,USDC
LTC,KCS,LTC,USDT,KCS,USDT
PEPE,KCS,PEPE,USDC,KCS,USDC
PEPE,KCS,PEPE,USDT,KCS,USDT
KCS,USDT,XRP,USDT,XRP,KCS
KLV,TRX,TRX,USDT,KLV,USDT
LDO,USDC,USDT,USDC,LDO,USDT
LINK,USDC,USDT,USDC,LINK,USDT
LTC,USDC,USDT,USDC,LTC,USDT
LUNA,USDC,USDT,USDC,LUNA,USDT
LUNC,USDC,USDT,USDC,LUNC,USDT
MOODENG,USDC,USDT,USDC,MOODENG,USDT
NAKA,USDC,USDT,USDC,NAKA,USDT
NEAR,USDC,USDT,USDC,NEAR,USDT
NFT,TRX,TRX,USDT,NFT,USDT
ONDO,USDC,USDT,USDC,ONDO,USDT
OP,USDC,USDT,USDC,OP,USDT
PEPE,USDC,USDT,USDC,PEPE,USDT
RUNE,USDC,USDT,USDC,RUNE,USDT
S,USDC,USDT,USDC,S,USDT
SHIB,USDC,USDT,USDC,SHIB,USDT
SOL,USDC,USDT,USDC,SOL,USDT
SOL,USD1,USD1,USDT,SOL,USDT
SUI,USDC,USDT,USDC,SUI,USDT
TAO,USDC,USDT,USDC,TAO,USDT
TEL,USDC,USDT,USDC,TEL,USDT
TON,USDC,USDT,USDC,TON,USDT
TRUMP,USDC,USDT,USDC,TRUMP,USDT
TRUMP,USD1,USD1,USDT,TRUMP,USDT
TRX,USDC,USDT,USDC,TRX,USDT
TRX,USDC,USDD,USDC,USDD,TRX
USDD,TRX,USDD,USDT,TRX,USDT
TRX,USDT,WIN,USDT,WIN,TRX
USD1,USDT,XRP,USDT,XRP,USD1
USD1,USDT,WLFI,USDT,WLFI,USD1
USDT,USDC,XRP,USDT,XRP,USDC
USDT,USDC,XLM,USDT,XLM,USDC
USDT,USDC,VR,USDT,VR,USDC
USDT,USDC,USTC,USDT,USTC,USDC
USDT,USDC,WIF,USDT,WIF,USDC
USDT,USDC,ZIL,USDT,ZIL,USDC
USDT,USDC,VRA,USDT,VRA,USDC
USDT,USDC,XMR,USDT,XMR,USDC
USDD,USDC,USDD,USDT,USDT,USDC
