A,B,C,leg1,leg2,leg3,baseMin1,quoteMin1,baseInc1,quoteInc1,priceInc1,baseMin2,quoteMin2,baseInc2,quoteInc2,priceInc2,baseMin3,quoteMin3,baseInc3,quoteInc3,priceInc3
USDT,ETH,DAG,BUY ETH/USDT,BUY DAG/ETH,SELL DAG/USDT,0.0001,0.01,0.0000001,0.000001,0.01,10,0.0001,0.0001,0.00000001,0.00000001,1,0.1,0.0001,0.000001,0.000001
USDT,DAG,ETH,BUY DAG/USDT,BUY ETH/DAG,SELL ETH/USDT,10,0.0001,0.0001,0.00000001,0.00000001,0.0001,0.01,0.0000001,0.000001,0.01,0.0001,0.01,0.0000001,0.000001,0.01
USDT,ETH,MOVR,BUY ETH/USDT,BUY MOVR/ETH,SELL MOVR/USDT,0.0001,0.01,0.0000001,0.000001,0.01,0.01,0.0001,0.0001,0.000001,0.000001,0.01,0.1,0.0001,0.0001,0.0001
USDT,MOVR,ETH,BUY MOVR/USDT,BUY ETH/MOVR,SELL ETH/USDT,0.01,0.0001,0.0001,0.000001,0.000001,0.0001,0.01,0.0000001,0.000001,0.01,0.0001,0.01,0.0000001,0.000001,0.01
USDT,ETH,KCS,BUY ETH/USDT,BUY KCS/ETH,SELL KCS/USDT,0.0001,0.01,0.0000001,0.000001,0.01,0.01,0.0001,0.0001,0.000001,0.000001,0.1,0.1,0.0001,0.0001,0.001
USDT,KCS,ETH,BUY KCS/USDT,BUY ETH/KCS,SELL ETH/USDT,0.01,0.0001,0.0001,0.000001,0.000001,0.0001,0.01,0.0000001,0.000001,0.01,0.0001,0.01,0.0000001,0.000001,0.01
USDT,ETH,CSPR,BUY ETH/USDT,BUY CSPR/ETH,SELL CSPR/USDT,0.0001,0.01,0.0000001,0.000001,0.01,10,0.00001,0.0001,0.000000001,0.000000001,100,0.1,1,0.000001,0.000001
USDT,CSPR,ETH,BUY CSPR/USDT,BUY ETH/CSPR,SELL ETH/USDT,10,0.00001,0.0001,0.000000001,0.000000001,0.0001,0.01,0.0000001,0.000001,0.01,0.0001,0.01,0.0000001,0.000001,0.01
USDT,ETH,IOTX,BUY ETH/USDT,BUY IOTX/ETH,SELL IOTX/USDT,0.0001,0.01,0.0000001,0.000001,0.01,1,0.0001,0.0001,0.000000001,0.000000001,1,0.1,0.0001,0.00001,0.00001
USDT,IOTX,ETH,BUY IOTX/USDT,BUY ETH/IOTX,SELL ETH/USDT,1,0.0001,0.0001,0.000000001,0.000000001,0.0001,0.01,0.0000001,0.000001,0.01,0.0001,0.01,0.0000001,0.000001,0.01
USDT,ETH,DGB,BUY ETH/USDT,BUY DGB/ETH,SELL DGB/USDT,0.0001,0.01,0.0000001,0.000001,0.01,1,0.0001,0.0001,0.000000001,0.000000001,1,0.1,0.0001,0.000001,0.000001
USDT,DGB,ETH,BUY DGB/USDT,BUY ETH/DGB,SELL ETH/USDT,1,0.0001,0.0001,0.000000001,0.000000001,0.0001,0.01,0.0000001,0.000001,0.01,0.0001,0.01,0.0000001,0.000001,0.01
USDT,ETH,KNC,BUY ETH/USDT,BUY KNC/ETH,SELL KNC/USDT,0.0001,0.01,0.0000001,0.000001,0.01,0.1,0.0001,0.0001,0.0000001,0.0000001,0.1,0.1,0.0001,0.0001,0.0001
USDT,KNC,ETH,BUY KNC/USDT,BUY ETH/KNC,SELL ETH/USDT,0.1,0.0001,0.0001,0.0000001,0.0000001,0.0001,0.01,0.0000001,0.000001,0.01,0.0001,0.01,0.0000001,0.000001,0.01
USDT,ETH,LTC,BUY ETH/USDT,BUY LTC/ETH,SELL LTC/USDT,0.0001,0.01,0.0000001,0.000001,0.01,0.001,0.0001,0.001,0.00001,0.00001,0.001,0.1,0.001,0.01,0.01
USDT,LTC,ETH,BUY LTC/USDT,BUY ETH/LTC,SELL ETH/USDT,0.001,0.0001,0.001,0.00001,0.00001,0.0001,0.01,0.0000001,0.000001,0.01,0.0001,0.01,0.0000001,0.000001,0.01
USDT,ETH,VET,BUY ETH/USDT,BUY VET/ETH,SELL VET/USDT,0.0001,0.01,0.0000001,0.000001,0.01,10,0.0001,0.0001,0.0000001,0.00000001,10,0.1,0.1,0.00001,0.00001
USDT,VET,ETH,BUY VET/USDT,BUY ETH/VET,SELL ETH/USDT,10,0.0001,0.0001,0.0000001,0.00000001,0.0001,0.01,0.0000001,0.000001,0.01,0.0001,0.01,0.0000001,0.000001,0.01
USDT,ETH,ZIL,BUY ETH/USDT,BUY ZIL/ETH,SELL ZIL/USDT,0.0001,0.01,0.0000001,0.000001,0.01,1,0.0001,0.0001,0.000000001,0.000000001,100,0.1,1,0.000001,0.000001
USDT,ZIL,ETH,BUY ZIL/USDT,BUY ETH/ZIL,SELL ETH/USDT,1,0.0001,0.0001,0.000000001,0.000000001,0.0001,0.01,0.0000001,0.000001,0.01,0.0001,0.01,0.0000001,0.000001,0.01
USDT,ETH,ALGO,BUY ETH/USDT,BUY ALGO/ETH,SELL ALGO/USDT,0.0001,0.01,0.0000001,0.000001,0.01,0.01,0.00001,0.0001,0.00000001,0.00000001,1,0.1,0.0001,0.0001,0.0001
USDT,ALGO,ETH,BUY ALGO/USDT,BUY ETH/ALGO,SELL ETH/USDT,0.01,0.00001,0.0001,0.00000001,0.00000001,0.0001,0.01,0.0000001,0.000001,0.01,0.0001,0.01,0.0000001,0.000001,0.01
USDT,ETH,ENJ,BUY ETH/USDT,BUY ENJ/ETH,SELL ENJ/USDT,0.0001,0.01,0.0000001,0.000001,0.01,0.1,0.0001,0.0001,0.00000001,0.00000001,10,0.1,0.1,0.00001,0.00001
USDT,ENJ,ETH,BUY ENJ/USDT,BUY ETH/ENJ,SELL ETH/USDT,0.1,0.0001,0.0001,0.00000001,0.00000001,0.0001,0.01,0.0000001,0.000001,0.01,0.0001,0.01,0.0000001,0.000001,0.01
USDT,ETH,BCHSV,BUY ETH/USDT,BUY BCHSV/ETH,SELL BCHSV/USDT,0.0001,0.01,0.0000001,0.000001,0.01,0.001,0.0001,0.001,0.00001,0.00001,0.001,0.1,0.001,0.01,0.01
USDT,BCHSV,ETH,BUY BCHSV/USDT,BUY ETH/BCHSV,SELL ETH/USDT,0.001,0.0001,0.001,0.00001,0.00001,0.0001,0.01,0.0000001,0.000001,0.01,0.0001,0.01,0.0000001,0.000001,0.01
USDT,ETH,ONT,BUY ETH/USDT,BUY ONT/ETH,SELL ONT/USDT,0.0001,0.01,0.0000001,0.000001,0.01,0.01,0.0001,0.0001,0.00000001,0.00000001,0.01,0.1,0.0001,0.000001,0.00001
USDT,ONT,ETH,BUY ONT/USDT,BUY ETH/ONT,SELL ETH/USDT,0.01,0.0001,0.0001,0.00000001,0.00000001,0.0001,0.01,0.0000001,0.000001,0.01,0.0001,0.01,0.0000001,0.000001,0.01
USDT,ETH,XDC,BUY ETH/USDT,BUY XDC/ETH,SELL XDC/USDT,0.0001,0.01,0.0000001,0.000001,0.01,1,0.00001,0.0001,0.00000001,0.00000001,1,0.1,0.0001,0.00001,0.00001
USDT,XDC,ETH,BUY XDC/USDT,BUY ETH/XDC,SELL ETH/USDT,1,0.00001,0.0001,0.00000001,0.00000001,0.0001,0.01,0.0000001,0.000001,0.01,0.0001,0.01,0.0000001,0.000001,0.01
USDT,ETH,DYP,BUY ETH/USDT,BUY DYP/ETH,SELL DYP/USDT,0.0001,0.01,0.0000001,0.000001,0.01,10,0.00001,0.0001,0.0000000001,0.0000000001,100,0.1,1,0.000001,0.000001
USDT,DYP,ETH,BUY DYP/USDT,BUY ETH/DYP,SELL ETH/USDT,10,0.00001,0.0001,0.0000000001,0.0000000001,0.0001,0.01,0.0000001,0.000001,0.01,0.0001,0.01,0.0000001,0.000001,0.01
USDT,ETH,DASH,BUY ETH/USDT,BUY DASH/ETH,SELL DASH/USDT,0.0001,0.01,0.0000001,0.000001,0.01,0.0001,0.0001,0.0001,0.00001,0.00001,0.0001,0.1,0.0001,0.01,0.01
USDT,DASH,ETH,BUY DASH/USDT,BUY ETH/DASH,SELL ETH/USDT,0.0001,0.0001,0.0001,0.00001,0.00001,0.0001,0.01,0.0000001,0.000001,0.01,0.0001,0.01,0.0000001,0.000001,0.01
USDT,ETH,ETC,BUY ETH/USDT,BUY ETC/ETH,SELL ETC/USDT,0.0001,0.01,0.0000001,0.000001,0.01,0.01,0.0001,0.000001,0.000001,0.000001,0.01,0.1,0.000001,0.000001,0.0001
USDT,ETC,ETH,BUY ETC/USDT,BUY ETH/ETC,SELL ETH/USDT,0.01,0.0001,0.000001,0.000001,0.000001,0.0001,0.01,0.0000001,0.000001,0.01,0.0001,0.01,0.0000001,0.000001,0.01
USDT,ETH,A,BUY ETH/USDT,BUY A/ETH,SELL A/USDT,0.0001,0.01,0.0000001,0.000001,0.01,1,0.00001,1,0.0000001,0.0000001,1,0.1,0.01,0.0001,0.0001
USDT,A,ETH,BUY A/USDT,BUY ETH/A,SELL ETH/USDT,1,0.00001,1,0.0000001,0.0000001,0.0001,0.01,0.0000001,0.000001,0.01,0.0001,0.01,0.0000001,0.000001,0.01
USDT,ETH,LYX,BUY ETH/USDT,BUY LYX/ETH,SELL LYX/USDT,0.0001,0.01,0.0000001,0.000001,0.01,1,0.00001,0.0001,0.0000001,0.0000001,0.1,0.1,0.0001,0.0001,0.0001
USDT,LYX,ETH,BUY LYX/USDT,BUY ETH/LYX,SELL ETH/USDT,1,0.00001,0.0001,0.0000001,0.0000001,0.0001,0.01,0.0000001,0.000001,0.01,0.0001,0.01,0.0000001,0.000001,0.01
USDT,ETH,ICX,BUY ETH/USDT,BUY ICX/ETH,SELL ICX/USDT,0.0001,0.01,0.0000001,0.000001,0.01,1,0.00001,0.0001,0.00000001,0.00000001,1,0.1,0.0001,0.0001,0.0001
USDT,ICX,ETH,BUY ICX/USDT,BUY ETH/ICX,SELL ETH/USDT,1,0.00001,0.0001,0.00000001,0.00000001,0.0001,0.01,0.0000001,0.000001,0.01,0.0001,0.01,0.0000001,0.000001,0.01
USDT,ETH,XMR,BUY ETH/USDT,BUY XMR/ETH,SELL XMR/USDT,0.0001,0.01,0.0000001,0.000001,0.01,0.001,0.0001,0.001,0.00001,0.00001,0.001,1,0.001,0.01,0.01
USDT,XMR,ETH,BUY XMR/USDT,BUY ETH/XMR,SELL ETH/USDT,0.001,0.0001,0.001,0.00001,0.00001,0.0001,0.01,0.0000001,0.000001,0.01,0.0001,0.01,0.0000001,0.000001,0.01
USDT,ETH,SNX,BUY ETH/USDT,BUY SNX/ETH,SELL SNX/USDT,0.0001,0.01,0.0000001,0.000001,0.01,0.01,0.0001,0.00000001,0.000001,0.000001,1,0.1,0.01,0.0001,0.0001
USDT,SNX,ETH,BUY SNX/USDT,BUY ETH/SNX,SELL ETH/USDT,0.01,0.0001,0.00000001,0.000001,0.000001,0.0001,0.01,0.0000001,0.000001,0.01,0.0001,0.01,0.0000001,0.000001,0.01
USDT,ETH,ATOM,BUY ETH/USDT,BUY ATOM/ETH,SELL ATOM/USDT,0.0001,0.01,0.0000001,0.000001,0.01,0.01,0.00001,0.0001,0.000001,0.000001,0.1,0.1,0.0001,0.0001,0.0001
USDT,ATOM,ETH,BUY ATOM/USDT,BUY ETH/ATOM,SELL ETH/USDT,0.01,0.00001,0.0001,0.000001,0.000001,0.0001,0.01,0.0000001,0.000001,0.01,0.0001,0.01,0.0000001,0.000001,0.01
USDT,ETH,MANA,BUY ETH/USDT,BUY MANA/ETH,SELL MANA/USDT,0.0001,0.01,0.0000001,0.000001,0.01,1,0.0001,0.0001,0.0000001,0.0000001,1,0.1,0.0001,0.00001,0.00001
USDT,MANA,ETH,BUY MANA/USDT,BUY ETH/MANA,SELL ETH/USDT,1,0.0001,0.0001,0.0000001,0.0000001,0.0001,0.01,0.0000001,0.000001,0.01,0.0001,0.01,0.0000001,0.000001,0.01
USDT,ETH,TEL,BUY ETH/USDT,BUY TEL/ETH,SELL TEL/USDT,0.0001,0.01,0.0000001,0.000001,0.01,100,0.0001,0.01,0.0000000001,0.0000000001,1000,0.1,1,0.000001,0.000001
USDT,TEL,ETH,BUY TEL/USDT,BUY ETH/TEL,SELL ETH/USDT,100,0.0001,0.01,0.0000000001,0.0000000001,0.0001,0.01,0.0000001,0.000001,0.01,0.0001,0.01,0.0000001,0.000001,0.01
USDT,ETH,XYO,BUY ETH/USDT,BUY XYO/ETH,SELL XYO/USDT,0.0001,0.01,0.0000001,0.000001,0.01,10,0.0001,0.0001,0.000000001,0.000000001,10,0.1,0.0001,0.000001,0.000001
USDT,XYO,ETH,BUY XYO/USDT,BUY ETH/XYO,SELL ETH/USDT,10,0.0001,0.0001,0.000000001,0.000000001,0.0001,0.01,0.0000001,0.000001,0.01,0.0001,0.01,0.0000001,0.000001,0.01
USDT,ETH,TRAC,BUY ETH/USDT,BUY TRAC/ETH,SELL TRAC/USDT,0.0001,0.01,0.0000001,0.000001,0.01,1,0.0001,0.0001,0.0000001,0.0000001,1,0.1,0.0001,0.0001,0.0001
USDT,TRAC,ETH,BUY TRAC/USDT,BUY ETH/TRAC,SELL ETH/USDT,1,0.0001,0.0001,0.0000001,0.0000001,0.0001,0.01,0.0000001,0.000001,0.01,0.0001,0.01,0.0000001,0.000001,0.01
USDT,ETH,XLM,BUY ETH/USDT,BUY XLM/ETH,SELL XLM/USDT,0.0001,0.01,0.0000001,0.000001,0.01,0.1,0.0001,0.0001,0.0000001,0.00000001,1,0.1,0.01,0.0001,0.0001
USDT,XLM,ETH,BUY XLM/USDT,BUY ETH/XLM,SELL ETH/USDT,0.1,0.0001,0.0001,0.0000001,0.00000001,0.0001,0.01,0.0000001,0.000001,0.01,0.0001,0.01,0.0000001,0.000001,0.01
USDT,ETH,FET,BUY ETH/USDT,BUY FET/ETH,SELL FET/USDT,0.0001,0.01,0.0000001,0.000001,0.01,0.1,0.0001,0.0001,0.00000001,0.00000001,1,0.1,0.0001,0.0001,0.0001
USDT,FET,ETH,BUY FET/USDT,BUY ETH/FET,SELL ETH/USDT,0.1,0.0001,0.0001,0.00000001,0.00000001,0.0001,0.01,0.0000001,0.000001,0.01,0.0001,0.01,0.0000001,0.000001,0.01
USDT,ETH,BAX,BUY ETH/USDT,BUY BAX/ETH,SELL BAX/USDT,0.0001,0.01,0.0000001,0.000001,0.01,10000,0.0001,1,0.000000000001,0.000000000001,1000,0.1,0.0001,0.00000001,0.00000001
USDT,BAX,ETH,BUY BAX/USDT,BUY ETH/BAX,SELL ETH/USDT,10000,0.0001,1,0.000000000001,0.000000000001,0.0001,0.01,0.0000001,0.000001,0.01,0.0001,0.01,0.0000001,0.000001,0.01
USDT,ETH,TRX,BUY ETH/USDT,BUY TRX/ETH,SELL TRX/USDT,0.0001,0.01,0.0000001,0.000001,0.01,1,0.0001,0.01,0.00000001,0.00000001,1,0.1,0.01,0.0001,0.0001
USDT,TRX,ETH,BUY TRX/USDT,BUY ETH/TRX,SELL ETH/USDT,1,0.0001,0.01,0.00000001,0.00000001,0.0001,0.01,0.0000001,0.000001,0.01,0.0001,0.01,0.0000001,0.000001,0.01
USDT,ETH,XRP,BUY ETH/USDT,BUY XRP/ETH,SELL XRP/USDT,0.0001,0.01,0.0000001,0.000001,0.01,0.1,0.0001,0.0001,0.0000001,0.0000001,0.1,0.1,0.0001,0.000001,0.00001
USDT,XRP,ETH,BUY XRP/USDT,BUY ETH/XRP,SELL ETH/USDT,0.1,0.0001,0.0001,0.0000001,0.0000001,0.0001,0.01,0.0000001,0.000001,0.01,0.0001,0.01,0.0000001,0.000001,0.01
USDT,ETH,IOST,BUY ETH/USDT,BUY IOST/ETH,SELL IOST/USDT,0.0001,0.01,0.0000001,0.000001,0.01,1,0.0001,0.0001,0.000000001,0.000000001,1,0.1,0.0001,0.000001,0.000001
USDT,IOST,ETH,BUY IOST/USDT,BUY ETH/IOST,SELL ETH/USDT,1,0.0001,0.0001,0.000000001,0.000000001,0.0001,0.01,0.0000001,0.000001,0.01,0.0001,0.01,0.0000001,0.000001,0.01
USDT,ETH,AVA,BUY ETH/USDT,BUY AVA/ETH,SELL AVA/USDT,0.0001,0.01,0.0000001,0.000001,0.01,0.1,0.0001,0.0001,0.0000001,0.0000001,0.1,0.1,0.01,0.0001,0.0001
USDT,AVA,ETH,BUY AVA/USDT,BUY ETH/AVA,SELL ETH/USDT,0.1,0.0001,0.0001,0.0000001,0.0000001,0.0001,0.01,0.0000001,0.000001,0.01,0.0001,0.01,0.0000001,0.000001,0.01
USDT,ETH,STORJ,BUY ETH/USDT,BUY STORJ/ETH,SELL STORJ/USDT,0.0001,0.01,0.0000001,0.000001,0.01,0.1,0.00001,0.0001,0.0000001,0.0000001,1,0.1,0.0001,0.0001,0.0001
USDT,STORJ,ETH,BUY STORJ/USDT,BUY ETH/STORJ,SELL ETH/USDT,0.1,0.00001,0.0001,0.0000001,0.0000001,0.0001,0.01,0.0000001,0.000001,0.01,0.0001,0.01,0.0000001,0.000001,0.01
USDT,TRX,NFT,BUY TRX/USDT,BUY NFT/TRX,SELL NFT/USDT,1,0.1,0.01,0.0001,0.0001,100000,10,0.0001,0.000000001,0.000000001,100000,0.1,0.0001,0.0000000001,0.0000000001
USDT,NFT,TRX,BUY NFT/USDT,BUY TRX/NFT,SELL TRX/USDT,100000,10,0.0001,0.000000001,0.000000001,1,0.1,0.01,0.0001,0.0001,1,0.1,0.01,0.0001,0.0001
USDT,TRX,KLV,BUY TRX/USDT,BUY KLV/TRX,SELL KLV/USDT,1,0.1,0.01,0.0001,0.0001,1,10,0.0001,0.00001,0.00001,10,0.1,0.0001,0.000001,0.000001
USDT,KLV,TRX,BUY KLV/USDT,BUY TRX/KLV,SELL TRX/USDT,1,10,0.0001,0.00001,0.00001,1,0.1,0.01,0.0001,0.0001,1,0.1,0.01,0.0001,0.0001
USDT,TRX,WIN,BUY TRX/USDT,BUY WIN/TRX,SELL WIN/USDT,1,0.1,0.01,0.0001,0.0001,10000,10,0.0001,0.0000001,0.0000001,1000,0.1,0.0001,0.00000001,0.00000001
USDT,WIN,TRX,BUY WIN/USDT,BUY TRX/WIN,SELL TRX/USDT,10000,10,0.0001,0.0000001,0.0000001,1,0.1,0.01,0.0001,0.0001,1,0.1,0.01,0.0001,0.0001
USDT,TRX,USDD,BUY TRX/USDT,BUY USDD/TRX,SELL USDD/USDT,1,0.1,0.01,0.0001,0.0001,0.1,10,0.0001,0.001,0.001,0.1,0.1,0.0001,0.0001,0.0001
USDT,USDD,TRX,BUY USDD/USDT,BUY TRX/USDD,SELL TRX/USDT,0.1,10,0.0001,0.001,0.001,1,0.1,0.01,0.0001,0.0001,1,0.1,0.01,0.0001,0.0001
USDT,KCS,XRP,BUY KCS/USDT,BUY XRP/KCS,SELL XRP/USDT,0.1,0.1,0.0001,0.0001,0.001,0.1,0.01,0.0001,0.0001,0.00001,0.1,0.1,0.0001,0.000001,0.00001
USDT,XRP,KCS,BUY XRP/USDT,BUY KCS/XRP,SELL KCS/USDT,0.1,0.01,0.0001,0.0001,0.00001,0.1,0.1,0.0001,0.0001,0.001,0.1,0.1,0.0001,0.0001,0.001
USDT,KCS,ADA,BUY KCS/USDT,BUY ADA/KCS,SELL ADA/USDT,0.1,0.1,0.0001,0.0001,0.001,0.01,0.01,0.0001,0.00001,0.00001,1,0.1,0.01,0.0001,0.0001
USDT,ADA,KCS,BUY ADA/USDT,BUY KCS/ADA,SELL KCS/USDT,0.01,0.01,0.0001,0.00001,0.00001,0.1,0.1,0.0001,0.0001,0.001,0.1,0.1,0.0001,0.0001,0.001
USDT,KCS,LTC,BUY KCS/USDT,BUY LTC/KCS,SELL LTC/USDT,0.1,0.1,0.0001,0.0001,0.001,0.001,0.01,0.001,0.001,0.001,0.001,0.1,0.001,0.01,0.01
USDT,LTC,KCS,BUY LTC/USDT,BUY KCS/LTC,SELL KCS/USDT,0.001,0.01,0.001,0.001,0.001,0.1,0.1,0.0001,0.0001,0.001,0.1,0.1,0.0001,0.0001,0.001
USDT,KCS,SOL,BUY KCS/USDT,BUY SOL/KCS,SELL SOL/USDT,0.1,0.1,0.0001,0.0001,0.001,0.001,0.001,0.001,0.001,0.001,0.001,0.1,0.001,0.01,0.01
USDT,SOL,KCS,BUY SOL/USDT,BUY KCS/SOL,SELL KCS/USDT,0.001,0.001,0.001,0.001,0.001,0.1,0.1,0.0001,0.0001,0.001,0.1,0.1,0.0001,0.0001,0.001
USDT,KCS,SUI,BUY KCS/USDT,BUY SUI/KCS,SELL SUI/USDT,0.1,0.1,0.0001,0.0001,0.001,1,0.001,0.01,0.0001,0.0001,0.1,0.1,0.1,0.0001,0.0001
USDT,SUI,KCS,BUY SUI/USDT,BUY KCS/SUI,SELL KCS/USDT,1,0.001,0.01,0.0001,0.0001,0.1,0.1,0.0001,0.0001,0.001,0.1,0.1,0.0001,0.0001,0.001
USDT,KCS,PEPE,BUY KCS/USDT,BUY PEPE/KCS,SELL PEPE/USDT,0.1,0.1,0.0001,0.0001,0.001,100000,0.001,1,0.0000000001,0.0000000001,100000,0.1,1,0.000000001,0.000000001
USDT,PEPE,KCS,BUY PEPE/USDT,BUY KCS/PEPE,SELL KCS/USDT,100000,0.001,1,0.0000000001,0.0000000001,0.1,0.1,0.0001,0.0001,0.001,0.1,0.1,0.0001,0.0001,0.001
USDT,KCS,DOGE,BUY KCS/USDT,BUY DOGE/KCS,SELL DOGE/USDT,0.1,0.1,0.0001,0.0001,0.001,1,0.01,0.0001,0.000001,0.000001,10,0.1,0.0001,0.00001,0.00001
USDT,DOGE,KCS,BUY DOGE/USDT,BUY KCS/DOGE,SELL KCS/USDT,1,0.01,0.0001,0.000001,0.000001,0.1,0.1,0.0001,0.0001,0.001,0.1,0.1,0.0001,0.0001,0.001
USDT,KCS,BNB,BUY KCS/USDT,BUY BNB/KCS,SELL BNB/USDT,0.1,0.1,0.0001,0.0001,0.001,0.01,0.01,0.0001,0.0001,0.0001,0.001,0.1,0.0001,0.001,0.001
USDT,BNB,KCS,BUY BNB/USDT,BUY KCS/BNB,SELL KCS/USDT,0.01,0.01,0.0001,0.0001,0.0001,0.1,0.1,0.0001,0.0001,0.001,0.1,0.1,0.0001,0.0001,0.001
USDT,KCS,HYPE,BUY KCS/USDT,BUY HYPE/KCS,SELL HYPE/USDT,0.1,0.1,0.0001,0.0001,0.001,0.001,0.001,0.01,0.001,0.001,0.01,0.1,0.01,0.001,0.001
USDT,HYPE,KCS,BUY HYPE/USDT,BUY KCS/HYPE,SELL KCS/USDT,0.001,0.001,0.01,0.001,0.001,0.1,0.1,0.0001,0.0001,0.001,0.1,0.1,0.0001,0.0001,0.001
USDT,KCS,DOT,BUY KCS/USDT,BUY DOT/KCS,SELL DOT/USDT,0.1,0.1,0.0001,0.0001,0.001,0.01,0.1,0.0001,0.0001,0.0001,0.1,0.1,0.0001,0.0001,0.0001
USDT,DOT,KCS,BUY DOT/USDT,BUY KCS/DOT,SELL KCS/USDT,0.01,0.1,0.0001,0.0001,0.0001,0.1,0.1,0.0001,0.0001,0.001,0.1,0.1,0.0001,0.0001,0.001
USDT,BTC,AR,BUY BTC/USDT,BUY AR/BTC,SELL AR/USDT,0.00001,0.1,0.00000001,0.000001,0.1,0.01,0.00001,0.0001,0.0000001,0.0000001,0.01,0.1,0.0001,0.001,0.001
USDT,AR,BTC,BUY AR/USDT,BUY BTC/AR,SELL BTC/USDT,0.01,0.00001,0.0001,0.0000001,0.0000001,0.00001,0.1,0.00000001,0.000001,0.1,0.00001,0.1,0.00000001,0.000001,0.1
USDT,BTC,REQ,BUY BTC/USDT,BUY REQ/BTC,SELL REQ/USDT,0.00001,0.1,0.00000001,0.000001,0.1,1,0.00001,0.0001,0.000000001,0.000000001,1,0.1,0.0001,0.00001,0.00001
USDT,REQ,BTC,BUY REQ/USDT,BUY BTC/REQ,SELL BTC/USDT,1,0.00001,0.0001,0.000000001,0.000000001,0.00001,0.1,0.00000001,0.000001,0.1,0.00001,0.1,0.00000001,0.000001,0.1
USDT,BTC,STX,BUY BTC/USDT,BUY STX/BTC,SELL STX/USDT,0.00001,0.1,0.00000001,0.000001,0.1,0.1,0.000001,0.0001,0.00000001,0.00000001,1,0.1,0.0001,0.0001,0.0001
USDT,STX,BTC,BUY STX/USDT,BUY BTC/STX,SELL BTC/USDT,0.1,0.000001,0.0001,0.00000001,0.00000001,0.00001,0.1,0.00000001,0.000001,0.1,0.00001,0.1,0.00000001,0.000001,0.1
USDT,BTC,CFX,BUY BTC/USDT,BUY CFX/BTC,SELL CFX/USDT,0.00001,0.1,0.00000001,0.000001,0.1,1,0.000001,0.0001,0.000000001,0.000000001,10,0.1,0.1,0.00001,0.00001
USDT,CFX,BTC,BUY CFX/USDT,BUY BTC/CFX,SELL BTC/USDT,1,0.000001,0.0001,0.000000001,0.000000001,0.00001,0.1,0.00000001,0.000001,0.1,0.00001,0.1,0.00000001,0.000001,0.1
USDT,BTC,SCRT,BUY BTC/USDT,BUY SCRT/BTC,SELL SCRT/USDT,0.00001,0.1,0.00000001,0.000001,0.1,1,0.000001,0.0001,0.000000001,0.000000001,0.1,0.1,0.0001,0.0001,0.0001
USDT,SCRT,BTC,BUY SCRT/USDT,BUY BTC/SCRT,SELL BTC/USDT,1,0.000001,0.0001,0.000000001,0.000000001,0.00001,0.1,0.00000001,0.000001,0.1,0.00001,0.1,0.00000001,0.000001,0.1
USDT,BTC,WBTC,BUY BTC/USDT,BUY WBTC/BTC,SELL WBTC/USDT,0.00001,0.1,0.00000001,0.000001,0.1,0.0001,0.0001,0.0001,0.00001,0.00001,0.00001,0.1,0.0001,0.01,0.01
USDT,WBTC,BTC,BUY WBTC/USDT,BUY BTC/WBTC,SELL BTC/USDT,0.0001,0.0001,0.0001,0.00001,0.00001,0.00001,0.1,0.00000001,0.000001,0.1,0.00001,0.1,0.00000001,0.000001,0.1
USDT,BTC,FET,BUY BTC/USDT,BUY FET/BTC,SELL FET/USDT,0.00001,0.1,0.00000001,0.000001,0.1,0.1,0.00001,0.0001,0.000000001,0.000000001,1,0.1,0.0001,0.0001,0.0001
USDT,FET,BTC,BUY FET/USDT,BUY BTC/FET,SELL BTC/USDT,0.1,0.00001,0.0001,0.000000001,0.000000001,0.00001,0.1,0.00000001,0.000001,0.1,0.00001,0.1,0.00000001,0.000001,0.1
USDT,BTC,DGB,BUY BTC/USDT,BUY DGB/BTC,SELL DGB/USDT,0.00001,0.1,0.00000001,0.000001,0.1,1,0.00001,0.0001,0.0000000001,0.0000000001,1,0.1,0.0001,0.000001,0.000001
USDT,DGB,BTC,BUY DGB/USDT,BUY BTC/DGB,SELL BTC/USDT,1,0.00001,0.0001,0.0000000001,0.0000000001,0.00001,0.1,0.00000001,0.000001,0.1,0.00001,0.1,0.00000001,0.000001,0.1
USDT,BTC,AVA,BUY BTC/USDT,BUY AVA/BTC,SELL AVA/USDT,0.00001,0.1,0.00000001,0.000001,0.1,0.1,0.00001,0.0001,0.00000001,0.00000001,0.1,0.1,0.01,0.0001,0.0001
USDT,AVA,BTC,BUY AVA/USDT,BUY BTC/AVA,SELL BTC/USDT,0.1,0.00001,0.0001,0.00000001,0.00000001,0.00001,0.1,0.00000001,0.000001,0.1,0.00001,0.1,0.00000001,0.000001,0.1
USDT,BTC,RLC,BUY BTC/USDT,BUY RLC/BTC,SELL RLC/USDT,0.00001,0.1,0.00000001,0.000001,0.1,0.1,0.000001,0.0001,0.00000001,0.00000001,0.1,0.1,0.0001,0.0001,0.0001
USDT,RLC,BTC,BUY RLC/USDT,BUY BTC/RLC,SELL BTC/USDT,0.1,0.000001,0.0001,0.00000001,0.00000001,0.00001,0.1,0.00000001,0.000001,0.1,0.00001,0.1,0.00000001,0.000001,0.1
USDT,BTC,XMR,BUY BTC/USDT,BUY XMR/BTC,SELL XMR/USDT,0.00001,0.1,0.00000001,0.000001,0.1,0.001,0.00001,0.001,0.000001,0.000001,0.001,1,0.001,0.01,0.01
USDT,XMR,BTC,BUY XMR/USDT,BUY BTC/XMR,SELL BTC/USDT,0.001,0.00001,0.001,0.000001,0.000001,0.00001,0.1,0.00000001,0.000001,0.1,0.00001,0.1,0.00000001,0.000001,0.1
USDT,BTC,WIN,BUY BTC/USDT,BUY WIN/BTC,SELL WIN/USDT,0.00001,0.1,0.00000001,0.000001,0.1,1000,0.000001,0.0001,0.000000000001,0.000000000001,1000,0.1,0.0001,0.00000001,0.00000001
USDT,WIN,BTC,BUY WIN/USDT,BUY BTC/WIN,SELL BTC/USDT,1000,0.000001,0.0001,0.000000000001,0.000000000001,0.00001,0.1,0.00000001,0.000001,0.1,0.00001,0.1,0.00000001,0.000001,0.1
USDT,BTC,SNX,BUY BTC/USDT,BUY SNX/BTC,SELL SNX/USDT,0.00001,0.1,0.00000001,0.000001,0.1,0.01,0.00001,0.01,0.00000001,0.00000001,1,0.1,0.01,0.0001,0.0001
USDT,SNX,BTC,BUY SNX/USDT,BUY BTC/SNX,SELL BTC/USDT,0.01,0.00001,0.01,0.00000001,0.00000001,0.00001,0.1,0.00000001,0.000001,0.1,0.00001,0.1,0.00000001,0.000001,0.1
USDT,BTC,ERG,BUY BTC/USDT,BUY ERG/BTC,SELL ERG/USDT,0.00001,0.1,0.00000001,0.000001,0.1,0.1,0.000001,0.0001,0.00000001,0.00000001,0.1,0.1,0.0001,0.0001,0.0001
USDT,ERG,BTC,BUY ERG/USDT,BUY BTC/ERG,SELL BTC/USDT,0.1,0.000001,0.0001,0.00000001,0.00000001,0.00001,0.1,0.00000001,0.000001,0.1,0.00001,0.1,0.00000001,0.000001,0.1
USDT,BTC,ETH,BUY BTC/USDT,BUY ETH/BTC,SELL ETH/USDT,0.00001,0.1,0.00000001,0.000001,0.1,0.0001,0.00001,0.0000001,0.00001,0.00001,0.0001,0.01,0.0000001,0.000001,0.01
USDT,ETH,BTC,BUY ETH/USDT,BUY BTC/ETH,SELL BTC/USDT,0.0001,0.00001,0.0000001,0.00001,0.00001,0.00001,0.1,0.00000001,0.000001,0.1,0.00001,0.1,0.00000001,0.000001,0.1
USDT,BTC,EWT,BUY BTC/USDT,BUY EWT/BTC,SELL EWT/USDT,0.00001,0.1,0.00000001,0.000001,0.1,1,0.000001,0.01,0.000000001,0.000000001,1,0.1,0.01,0.0001,0.0001
USDT,EWT,BTC,BUY EWT/USDT,BUY BTC/EWT,SELL BTC/USDT,1,0.000001,0.01,0.000000001,0.000000001,0.00001,0.1,0.00000001,0.000001,0.1,0.00001,0.1,0.00000001,0.000001,0.1
USDT,BTC,IOTA,BUY BTC/USDT,BUY IOTA/BTC,SELL IOTA/USDT,0.00001,0.1,0.00000001,0.000001,0.1,0.1,0.000001,0.0001,0.000000001,0.000000001,0.1,0.1,0.0001,0.0001,0.0001
USDT,IOTA,BTC,BUY IOTA/USDT,BUY BTC/IOTA,SELL BTC/USDT,0.1,0.000001,0.0001,0.000000001,0.000000001,0.00001,0.1,0.00000001,0.000001,0.1,0.00001,0.1,0.00000001,0.000001,0.1
USDT,BTC,HBAR,BUY BTC/USDT,BUY HBAR/BTC,SELL HBAR/USDT,0.00001,0.1,0.00000001,0.000001,0.1,1,0.000001,0.0001,0.000000001,0.000000001,1,0.1,0.0001,0.00001,0.00001
USDT,HBAR,BTC,BUY HBAR/USDT,BUY BTC/HBAR,SELL BTC/USDT,1,0.000001,0.0001,0.000000001,0.000000001,0.00001,0.1,0.00000001,0.000001,0.1,0.00001,0.1,0.00000001,0.000001,0.1
USDT,BTC,TWT,BUY BTC/USDT,BUY TWT/BTC,SELL TWT/USDT,0.00001,0.1,0.00000001,0.000001,0.1,0.1,0.000001,0.0001,0.00000001,0.00000001,0.1,0.1,0.0001,0.0001,0.0001
USDT,TWT,BTC,BUY TWT/USDT,BUY BTC/TWT,SELL BTC/USDT,0.1,0.000001,0.0001,0.00000001,0.00000001,0.00001,0.1,0.00000001,0.000001,0.1,0.00001,0.1,0.00000001,0.000001,0.1
USDT,BTC,KAS,BUY BTC/USDT,BUY KAS/BTC,SELL KAS/USDT,0.00001,0.1,0.00000001,0.000001,0.1,1,0.000001,0.0001,0.000000001,0.000000001,10,0.1,0.0001,0.00001,0.00001
USDT,KAS,BTC,BUY KAS/USDT,BUY BTC/KAS,SELL BTC/USDT,1,0.000001,0.0001,0.000000001,0.000000001,0.00001,0.1,0.00000001,0.000001,0.1,0.00001,0.1,0.00000001,0.000001,0.1
USDT,BTC,GAS,BUY BTC/USDT,BUY GAS/BTC,SELL GAS/USDT,0.00001,0.1,0.00000001,0.000001,0.1,0.01,0.00001,0.0001,0.00000001,0.00000001,0.1,0.1,0.0001,0.0001,0.0001
USDT,GAS,BTC,BUY GAS/USDT,BUY BTC/GAS,SELL BTC/USDT,0.01,0.00001,0.0001,0.00000001,0.00000001,0.00001,0.1,0.00000001,0.000001,0.1,0.00001,0.1,0.00000001,0.000001,0.1
USDT,BTC,SXP,BUY BTC/USDT,BUY SXP/BTC,SELL SXP/USDT,0.00001,0.1,0.00000001,0.000001,0.1,0.01,0.000001,0.0001,0.000000001,0.000000001,0.01,0.1,0.0001,0.0001,0.0001
USDT,SXP,BTC,BUY SXP/USDT,BUY BTC/SXP,SELL BTC/USDT,0.01,0.000001,0.0001,0.000000001,0.000000001,0.00001,0.1,0.00000001,0.000001,0.1,0.00001,0.1,0.00000001,0.000001,0.1
USDT,BTC,ONT,BUY BTC/USDT,BUY ONT/BTC,SELL ONT/USDT,0.00001,0.1,0.00000001,0.000001,0.1,0.01,0.00001,0.0001,0.000000001,0.000000001,0.01,0.1,0.0001,0.000001,0.00001
USDT,ONT,BTC,BUY ONT/USDT,BUY BTC/ONT,SELL BTC/USDT,0.01,0.00001,0.0001,0.000000001,0.000000001,0.00001,0.1,0.00000001,0.000001,0.1,0.00001,0.1,0.00000001,0.000001,0.1
USDT,BTC,VSYS,BUY BTC/USDT,BUY VSYS/BTC,SELL VSYS/USDT,0.00001,0.1,0.00000001,0.000001,0.1,0.1,0.00001,1,0.000000000001,0.000000000001,0.1,0.1,1,0.0000001,0.0000001
USDT,VSYS,BTC,BUY VSYS/USDT,BUY BTC/VSYS,SELL BTC/USDT,0.1,0.00001,1,0.000000000001,0.000000000001,0.00001,0.1,0.00000001,0.000001,0.1,0.00001,0.1,0.00000001,0.000001,0.1
USDT,BTC,XYO,BUY BTC/USDT,BUY XYO/BTC,SELL XYO/USDT,0.00001,0.1,0.00000001,0.000001,0.1,10,0.00001,0.0001,0.00000001,0.0000000001,10,0.1,0.0001,0.000001,0.000001
USDT,XYO,BTC,BUY XYO/USDT,BUY BTC/XYO,SELL BTC/USDT,10,0.00001,0.0001,0.00000001,0.0000000001,0.00001,0.1,0.00000001,0.000001,0.1,0.00001,0.1,0.00000001,0.000001,0.1
USDT,BTC,POND,BUY BTC/USDT,BUY POND/BTC,SELL POND/USDT,0.00001,0.1,0.00000001,0.000001,0.1,1,0.000001,0.0001,0.0000000001,0.0000000001,1,0.1,0.0001,0.000001,0.000001
USDT,POND,BTC,BUY POND/USDT,BUY BTC/POND,SELL BTC/USDT,1,0.000001,0.0001,0.0000000001,0.0000000001,0.00001,0.1,0.00000001,0.000001,0.1,0.00001,0.1,0.00000001,0.000001,0.1
USDT,BTC,A,BUY BTC/USDT,BUY A/BTC,SELL A/USDT,0.00001,0.1,0.00000001,0.000001,0.1,1,0.000001,1,0.000000001,0.000000001,1,0.1,0.01,0.0001,0.0001
USDT,A,BTC,BUY A/USDT,BUY BTC/A,SELL BTC/USDT,1,0.000001,1,0.000000001,0.000000001,0.00001,0.1,0.00000001,0.000001,0.1,0.00001,0.1,0.00000001,0.000001,0.1
USDT,BTC,SUPER,BUY BTC/USDT,BUY SUPER/BTC,SELL SUPER/USDT,0.00001,0.1,0.00000001,0.000001,0.1,1,0.000001,0.0001,0.000000001,0.000000001,1,0.1,0.01,0.0001,0.0001
USDT,SUPER,BTC,BUY SUPER/USDT,BUY BTC/SUPER,SELL BTC/USDT,1,0.000001,0.0001,0.000000001,0.000000001,0.00001,0.1,0.00000001,0.000001,0.1,0.00001,0.1,0.00000001,0.000001,0.1
USDT,BTC,WAN,BUY BTC/USDT,BUY WAN/BTC,SELL WAN/USDT,0.00001,0.1,0.00000001,0.000001,0.1,0.1,0.00001,0.0001,0.000000001,0.000000001,0.1,0.00000001,0.0001,0.00001,0.00001
USDT,WAN,BTC,BUY WAN/USDT,BUY BTC/WAN,SELL BTC/USDT,0.1,0.00001,0.0001,0.000000001,0.000000001,0.00001,0.1,0.00000001,0.000001,0.1,0.00001,0.1,0.00000001,0.000001,0.1
USDT,BTC,CHZ,BUY BTC/USDT,BUY CHZ/BTC,SELL CHZ/USDT,0.00001,0.1,0.00000001,0.000001,0.1,1,0.000001,0.0001,0.00000001,0.0000000001,1,0.1,0.0001,0.00001,0.00001
USDT,CHZ,BTC,BUY CHZ/USDT,BUY BTC/CHZ,SELL BTC/USDT,1,0.000001,0.0001,0.00000001,0.0000000001,0.00001,0.1,0.00000001,0.000001,0.1,0.00001,0.1,0.00000001,0.000001,0.1
USDT,BTC,PERP,BUY BTC/USDT,BUY PERP/BTC,SELL PERP/USDT,0.00001,0.1,0.00000001,0.000001,0.1,1,0.00001,0.0001,0.000000001,0.000000001,0.01,0.1,0.0001,0.0001,0.0001
USDT,PERP,BTC,BUY PERP/USDT,BUY BTC/PERP,SELL BTC/USDT,1,0.00001,0.0001,0.000000001,0.000000001,0.00001,0.1,0.00000001,0.000001,0.1,0.00001,0.1,0.00000001,0.000001,0.1
USDT,BTC,XDC,BUY BTC/USDT,BUY XDC/BTC,SELL XDC/USDT,0.00001,0.1,0.00000001,0.000001,0.1,10,0.000001,0.0001,0.000000001,0.000000001,1,0.1,0.0001,0.00001,0.00001
USDT,XDC,BTC,BUY XDC/USDT,BUY BTC/XDC,SELL BTC/USDT,10,0.000001,0.0001,0.000000001,0.000000001,0.00001,0.1,0.00000001,0.000001,0.1,0.00001,0.1,0.00000001,0.000001,0.1
USDT,BTC,ONE,BUY BTC/USDT,BUY ONE/BTC,SELL ONE/USDT,0.00001,0.1,0.00000001,0.000001,0.1,1,0.000001,0.0001,0.0000000001,0.0000000001,1,0.1,0.0001,0.000001,0.000001
USDT,ONE,BTC,BUY ONE/USDT,BUY BTC/ONE,SELL BTC/USDT,1,0.000001,0.0001,0.0000000001,0.0000000001,0.00001,0.1,0.00000001,0.000001,0.1,0.00001,0.1,0.00000001,0.000001,0.1
USDT,BTC,INJ,BUY BTC/USDT,BUY INJ/BTC,SELL INJ/USDT,0.00001,0.1,0.00000001,0.000001,0.1,0.01,0.00001,0.0001,0.00000001,0.00000001,0.01,0.1,0.0001,0.001,0.001
USDT,INJ,BTC,BUY INJ/USDT,BUY BTC/INJ,SELL BTC/USDT,0.01,0.00001,0.0001,0.00000001,0.00000001,0.00001,0.1,0.00000001,0.000001,0.1,0.00001,0.1,0.00000001,0.000001,0.1
USDT,BTC,EGLD,BUY BTC/USDT,BUY EGLD/BTC,SELL EGLD/USDT,0.00001,0.1,0.00000001,0.000001,0.1,0.01,0.00001,0.0001,0.00000001,0.00000001,0.01,1,0.0001,0.01,0.01
USDT,EGLD,BTC,BUY EGLD/USDT,BUY BTC/EGLD,SELL BTC/USDT,0.01,0.00001,0.0001,0.00000001,0.00000001,0.00001,0.1,0.00000001,0.000001,0.1,0.00001,0.1,0.00000001,0.000001,0.1
USDT,BTC,TRVL,BUY BTC/USDT,BUY TRVL/BTC,SELL TRVL/USDT,0.00001,0.1,0.00000001,0.000001,0.1,1,0.000001,1,0.0000000001,0.0000000001,1,0.1,1,0.000001,0.000001
USDT,TRVL,BTC,BUY TRVL/USDT,BUY BTC/TRVL,SELL BTC/USDT,1,0.000001,1,0.0000000001,0.0000000001,0.00001,0.1,0.00000001,0.000001,0.1,0.00001,0.1,0.00000001,0.000001,0.1
USDT,BTC,PAXG,BUY BTC/USDT,BUY PAXG/BTC,SELL PAXG/USDT,0.00001,0.1,0.00000001,0.000001,0.1,0.0001,0.000001,0.0001,0.000001,0.000001,0.0001,0.1,0.0001,0.01,0.01
USDT,PAXG,BTC,BUY PAXG/USDT,BUY BTC/PAXG,SELL BTC/USDT,0.0001,0.000001,0.0001,0.000001,0.000001,0.00001,0.1,0.00000001,0.000001,0.1,0.00001,0.1,0.00000001,0.000001,0.1
USDT,BTC,BCHSV,BUY BTC/USDT,BUY BCHSV/BTC,SELL BCHSV/USDT,0.00001,0.1,0.00000001,0.000001,0.1,0.001,0.00001,0.001,0.0000001,0.0000001,0.001,0.1,0.001,0.01,0.01
USDT,BCHSV,BTC,BUY BCHSV/USDT,BUY BTC/BCHSV,SELL BTC/USDT,0.001,0.00001,0.001,0.0000001,0.0000001,0.00001,0.1,0.00000001,0.000001,0.1,0.00001,0.1,0.00000001,0.000001,0.1
USDT,BTC,KCS,BUY BTC/USDT,BUY KCS/BTC,SELL KCS/USDT,0.00001,0.1,0.00000001,0.000001,0.1,0.01,0.00001,0.0001,0.0000001,0.0000001,0.1,0.1,0.0001,0.0001,0.001
USDT,KCS,BTC,BUY KCS/USDT,BUY BTC/KCS,SELL BTC/USDT,0.01,0.00001,0.0001,0.0000001,0.0000001,0.00001,0.1,0.00000001,0.000001,0.1,0.00001,0.1,0.00000001,0.000001,0.1
USDT,BTC,ETC,BUY BTC/USDT,BUY ETC/BTC,SELL ETC/USDT,0.00001,0.1,0.00000001,0.000001,0.1,0.01,0.00001,0.000001,0.0000001,0.0000001,0.01,0.1,0.000001,0.000001,0.0001
USDT,ETC,BTC,BUY ETC/USDT,BUY BTC/ETC,SELL BTC/USDT,0.01,0.00001,0.000001,0.0000001,0.0000001,0.00001,0.1,0.00000001,0.000001,0.1,0.00001,0.1,0.00000001,0.000001,0.1
USDT,BTC,BCH,BUY BTC/USDT,BUY BCH/BTC,SELL BCH/USDT,0.00001,0.1,0.00000001,0.000001,0.1,0.0001,0.000001,0.0001,0.000001,0.000001,0.0001,0.1,0.0001,0.01,0.01
USDT,BCH,BTC,BUY BCH/USDT,BUY BTC/BCH,SELL BTC/USDT,0.0001,0.000001,0.0001,0.000001,0.000001,0.00001,0.1,0.00000001,0.000001,0.1,0.00001,0.1,0.00000001,0.000001,0.1
USDT,BTC,NEAR,BUY BTC/USDT,BUY NEAR/BTC,SELL NEAR/USDT,0.00001,0.1,0.00000001,0.000001,0.1,0.1,0.000001,0.0001,0.00000001,0.00000001,0.1,0.1,0.0001,0.0001,0.0001
USDT,NEAR,BTC,BUY NEAR/USDT,BUY BTC/NEAR,SELL BTC/USDT,0.1,0.000001,0.0001,0.00000001,0.00000001,0.00001,0.1,0.00000001,0.000001,0.1,0.00001,0.1,0.00000001,0.000001,0.1
USDT,BTC,ELA,BUY BTC/USDT,BUY ELA/BTC,SELL ELA/USDT,0.00001,0.1,0.00000001,0.000001,0.1,0.01,0.00001,0.0001,0.00000001,0.00000001,0.1,0.1,0.0001,0.0001,0.0001
USDT,ELA,BTC,BUY ELA/USDT,BUY BTC/ELA,SELL BTC/USDT,0.01,0.00001,0.0001,0.00000001,0.00000001,0.00001,0.1,0.00000001,0.000001,0.1,0.00001,0.1,0.00000001,0.000001,0.1
USDT,BTC,XLM,BUY BTC/USDT,BUY XLM/BTC,SELL XLM/USDT,0.00001,0.1,0.00000001,0.000001,0.1,0.1,0.00001,0.0001,0.000000001,0.000000001,1,0.1,0.01,0.0001,0.0001
USDT,XLM,BTC,BUY XLM/USDT,BUY BTC/XLM,SELL BTC/USDT,0.1,0.00001,0.0001,0.000000001,0.000000001,0.00001,0.1,0.00000001,0.000001,0.1,0.00001,0.1,0.00000001,0.000001,0.1
USDT,BTC,LINK,BUY BTC/USDT,BUY LINK/BTC,SELL LINK/USDT,0.00001,0.1,0.00000001,0.000001,0.1,0.001,0.000001,0.0001,0.00000001,0.00000001,0.01,0.1,0.0001,0.0001,0.0001
USDT,LINK,BTC,BUY LINK/USDT,BUY BTC/LINK,SELL BTC/USDT,0.001,0.000001,0.0001,0.00000001,0.00000001,0.00001,0.1,0.00000001,0.000001,0.1,0.00001,0.1,0.00000001,0.000001,0.1
USDT,BTC,KNC,BUY BTC/USDT,BUY KNC/BTC,SELL KNC/USDT,0.00001,0.1,0.00000001,0.000001,0.1,0.1,0.00001,0.0001,0.000000001,0.000000001,0.1,0.1,0.0001,0.0001,0.0001
USDT,KNC,BTC,BUY KNC/USDT,BUY BTC/KNC,SELL BTC/USDT,0.1,0.00001,0.0001,0.000000001,0.000000001,0.00001,0.1,0.00000001,0.000001,0.1,0.00001,0.1,0.00000001,0.000001,0.1
USDT,BTC,COTI,BUY BTC/USDT,BUY COTI/BTC,SELL COTI/USDT,0.00001,0.1,0.00000001,0.000001,0.1,1,0.000001,0.01,0.0000000001,0.0000000001,1,0.1,0.01,0.00001,0.00001
USDT,COTI,BTC,BUY COTI/USDT,BUY BTC/COTI,SELL BTC/USDT,1,0.000001,0.01,0.0000000001,0.0000000001,0.00001,0.1,0.00000001,0.000001,0.1,0.00001,0.1,0.00000001,0.000001,0.1
USDT,BTC,XRP,BUY BTC/USDT,BUY XRP/BTC,SELL XRP/USDT,0.00001,0.1,0.00000001,0.000001,0.1,0.1,0.00001,0.0001,0.00000001,0.00000001,0.1,0.1,0.0001,0.000001,0.00001
USDT,XRP,BTC,BUY XRP/USDT,BUY BTC/XRP,SELL BTC/USDT,0.1,0.00001,0.0001,0.00000001,0.00000001,0.00001,0.1,0.00000001,0.000001,0.1,0.00001,0.1,0.00000001,0.000001,0.1
USDT,BTC,TRX,BUY BTC/USDT,BUY TRX/BTC,SELL TRX/USDT,0.00001,0.1,0.00000001,0.000001,0.1,1,0.00001,0.01,0.000000001,0.000000001,1,0.1,0.01,0.0001,0.0001
USDT,TRX,BTC,BUY TRX/USDT,BUY BTC/TRX,SELL BTC/USDT,1,0.00001,0.01,0.000000001,0.000000001,0.00001,0.1,0.00000001,0.000001,0.1,0.00001,0.1,0.00000001,0.000001,0.1
USDT,BTC,OGN,BUY BTC/USDT,BUY OGN/BTC,SELL OGN/USDT,0.00001,0.1,0.00000001,0.000001,0.1,0.1,0.000001,0.0001,0.000000001,0.000000001,0.1,0.1,0.0001,0.00001,0.00001
USDT,OGN,BTC,BUY OGN/USDT,BUY BTC/OGN,SELL BTC/USDT,0.1,0.000001,0.0001,0.000000001,0.000000001,0.00001,0.1,0.00000001,0.000001,0.1,0.00001,0.1,0.00000001,0.000001,0.1
USDT,BTC,CRO,BUY BTC/USDT,BUY CRO/BTC,SELL CRO/USDT,0.00001,0.1,0.00000001,0.000001,0.1,1,0.00001,0.0001,0.000000001,0.000000001,0.1,0.1,0.0001,0.00001,0.00001
USDT,CRO,BTC,BUY CRO/USDT,BUY BTC/CRO,SELL BTC/USDT,1,0.00001,0.0001,0.000000001,0.000000001,0.00001,0.1,0.00000001,0.000001,0.1,0.00001,0.1,0.00000001,0.000001,0.1
USDT,BTC,KRL,BUY BTC/USDT,BUY KRL/BTC,SELL KRL/USDT,0.00001,0.1,0.00000001,0.000001,0.1,10,0.00001,0.0001,0.0000000001,0.0000000001,10,1,0.0001,0.00001,0.00001
USDT,KRL,BTC,BUY KRL/USDT,BUY BTC/KRL,SELL BTC/USDT,10,0.00001,0.0001,0.0000000001,0.0000000001,0.00001,0.1,0.00000001,0.000001,0.1,0.00001,0.1,0.00000001,0.000001,0.1
USDT,BTC,ATOM,BUY BTC/USDT,BUY ATOM/BTC,SELL ATOM/USDT,0.00001,0.1,0.00000001,0.000001,0.1,0.01,0.000001,0.0001,0.00000001,0.00000001,0.1,0.1,0.0001,0.0001,0.0001
USDT,ATOM,BTC,BUY ATOM/USDT,BUY BTC/ATOM,SELL BTC/USDT,0.01,0.000001,0.0001,0.00000001,0.00000001,0.00001,0.1,0.00000001,0.000001,0.1,0.00001,0.1,0.00000001,0.000001,0.1
USDT,BTC,XCN,BUY BTC/USDT,BUY XCN/BTC,SELL XCN/USDT,0.00001,0.1,0.00000001,0.000001,0.1,10,0.000001,0.0001,0.00000000001,0.00000000001,10,0.1,0.0001,0.0000001,0.0000001
USDT,XCN,BTC,BUY XCN/USDT,BUY BTC/XCN,SELL BTC/USDT,10,0.000001,0.0001,0.00000000001,0.00000000001,0.00001,0.1,0.00000001,0.000001,0.1,0.00001,0.1,0.00000001,0.000001,0.1
USDT,BTC,ICP,BUY BTC/USDT,BUY ICP/BTC,SELL ICP/USDT,0.00001,0.1,0.00000001,0.000001,0.1,0.001,0.000001,0.0001,0.00000001,0.00000001,0.001,0.1,0.0001,0.001,0.001
USDT,ICP,BTC,BUY ICP/USDT,BUY BTC/ICP,SELL BTC/USDT,0.001,0.000001,0.0001,0.00000001,0.00000001,0.00001,0.1,0.00000001,0.000001,0.1,0.00001,0.1,0.00000001,0.000001,0.1
USDT,BTC,WAVES,BUY BTC/USDT,BUY WAVES/BTC,SELL WAVES/USDT,0.00001,0.1,0.00000001,0.000001,0.1,0.01,0.000001,0.0001,0.00000001,0.00000001,0.01,0.1,0.0001,0.0001,0.0001
USDT,WAVES,BTC,BUY WAVES/USDT,BUY BTC/WAVES,SELL BTC/USDT,0.01,0.000001,0.0001,0.00000001,0.00000001,0.00001,0.1,0.00000001,0.000001,0.1,0.00001,0.1,0.00000001,0.000001,0.1
USDT,BTC,RUNE,BUY BTC/USDT,BUY RUNE/BTC,SELL RUNE/USDT,0.00001,0.1,0.00000001,0.000001,0.1,0.1,0.000001,0.0001,0.00000001,0.00000001,0.1,0.1,0.0001,0.0001,0.0001
USDT,RUNE,BTC,BUY RUNE/USDT,BUY BTC/RUNE,SELL BTC/USDT,0.1,0.000001,0.0001,0.00000001,0.00000001,0.00001,0.1,0.00000001,0.000001,0.1,0.00001,0.1,0.00000001,0.000001,0.1
USDT,BTC,VRA,BUY BTC/USDT,BUY VRA/BTC,SELL VRA/USDT,0.00001,0.1,0.00000001,0.000001,0.1,100,0.000001,1,0.000000000001,0.000000000001,100,0.1,1,0.0000001,0.0000001
USDT,VRA,BTC,BUY VRA/USDT,BUY BTC/VRA,SELL BTC/USDT,100,0.000001,1,0.000000000001,0.000000000001,0.00001,0.1,0.00000001,0.000001,0.1,0.00001,0.1,0.00000001,0.000001,0.1
USDT,BTC,RSR,BUY BTC/USDT,BUY RSR/BTC,SELL RSR/USDT,0.00001,0.1,0.00000001,0.000001,0.1,10,0.000001,0.0001,0.0000000001,0.0000000001,10,0.1,0.0001,0.000001,0.000001
USDT,RSR,BTC,BUY RSR/USDT,BUY BTC/RSR,SELL BTC/USDT,10,0.000001,0.0001,0.0000000001,0.0000000001,0.00001,0.1,0.00000001,0.000001,0.1,0.00001,0.1,0.00000001,0.000001,0.1
USDT,BTC,IOTX,BUY BTC/USDT,BUY IOTX/BTC,SELL IOTX/USDT,0.00001,0.1,0.00000001,0.000001,0.1,1,0.00001,0.0001,0.0000000001,0.0000000001,1,0.1,0.0001,0.00001,0.00001
USDT,IOTX,BTC,BUY IOTX/USDT,BUY BTC/IOTX,SELL BTC/USDT,1,0.00001,0.0001,0.0000000001,0.0000000001,0.00001,0.1,0.00000001,0.000001,0.1,0.00001,0.1,0.00000001,0.000001,0.1
USDT,BTC,ALGO,BUY BTC/USDT,BUY ALGO/BTC,SELL ALGO/USDT,0.00001,0.1,0.00000001,0.000001,0.1,0.01,0.000001,0.0001,0.000000001,0.000000001,1,0.1,0.0001,0.0001,0.0001
USDT,ALGO,BTC,BUY ALGO/USDT,BUY BTC/ALGO,SELL BTC/USDT,0.01,0.000001,0.0001,0.000000001,0.000000001,0.00001,0.1,0.00000001,0.000001,0.1,0.00001,0.1,0.00000001,0.000001,0.1
USDT,BTC,LTC,BUY BTC/USDT,BUY LTC/BTC,SELL LTC/USDT,0.00001,0.1,0.00000001,0.000001,0.1,0.001,0.00001,0.001,0.000001,0.000001,0.001,0.1,0.001,0.01,0.01
USDT,LTC,BTC,BUY LTC/USDT,BUY BTC/LTC,SELL BTC/USDT,0.001,0.00001,0.001,0.000001,0.000001,0.00001,0.1,0.00000001,0.000001,0.1,0.00001,0.1,0.00000001,0.000001,0.1
USDT,BTC,TRAC,BUY BTC/USDT,BUY TRAC/BTC,SELL TRAC/USDT,0.00001,0.1,0.00000001,0.000001,0.1,1,0.00001,0.0001,0.00000001,0.00000001,1,0.1,0.0001,0.0001,0.0001
USDT,TRAC,BTC,BUY TRAC/USDT,BUY BTC/TRAC,SELL BTC/USDT,1,0.00001,0.0001,0.00000001,0.00000001,0.00001,0.1,0.00000001,0.000001,0.1,0.00001,0.1,0.00000001,0.000001,0.1
USDT,BTC,DAG,BUY BTC/USDT,BUY DAG/BTC,SELL DAG/USDT,0.00001,0.1,0.00000001,0.000001,0.1,10,0.00001,0.0001,0.00000001,0.0000000001,1,0.1,0.0001,0.000001,0.000001
USDT,DAG,BTC,BUY DAG/USDT,BUY BTC/DAG,SELL BTC/USDT,10,0.00001,0.0001,0.00000001,0.0000000001,0.00001,0.1,0.00000001,0.000001,0.1,0.00001,0.1,0.00000001,0.000001,0.1
USDT,BTC,NEO,BUY BTC/USDT,BUY NEO/BTC,SELL NEO/USDT,0.00001,0.1,0.00000001,0.000001,0.1,0.001,0.00001,0.000001,0.0000001,0.0000001,0.001,0.1,0.000001,0.000001,0.0001
USDT,NEO,BTC,BUY NEO/USDT,BUY BTC/NEO,SELL BTC/USDT,0.001,0.00001,0.000001,0.0000001,0.0000001,0.00001,0.1,0.00000001,0.000001,0.1,0.00001,0.1,0.00000001,0.000001,0.1
USDT,BTC,AVAX,BUY BTC/USDT,BUY AVAX/BTC,SELL AVAX/USDT,0.00001,0.1,0.00000001,0.000001,0.1,0.01,0.000001,0.0001,0.00000001,0.00000001,0.01,0.1,0.0001,0.001,0.001
USDT,AVAX,BTC,BUY AVAX/USDT,BUY BTC/AVAX,SELL BTC/USDT,0.01,0.000001,0.0001,0.00000001,0.00000001,0.00001,0.1,0.00000001,0.000001,0.1,0.00001,0.1,0.00000001,0.000001,0.1
USDT,BTC,DASH,BUY BTC/USDT,BUY DASH/BTC,SELL DASH/USDT,0.00001,0.1,0.00000001,0.000001,0.1,0.0001,0.00001,0.00000001,0.0000001,0.0000001,0.0001,0.1,0.0001,0.01,0.01
USDT,DASH,BTC,BUY DASH/USDT,BUY BTC/DASH,SELL BTC/USDT,0.0001,0.00001,0.00000001,0.0000001,0.0000001,0.00001,0.1,0.00000001,0.000001,0.1,0.00001,0.1,0.00000001,0.000001,0.1
USDT,BTC,OM,BUY BTC/USDT,BUY OM/BTC,SELL OM/USDT,0.00001,0.1,0.00000001,0.000001,0.1,1,0.000001,0.0001,0.000000001,0.000000001,1,0.1,0.0001,0.00001,0.00001
USDT,OM,BTC,BUY OM/USDT,BUY BTC/OM,SELL BTC/USDT,1,0.000001,0.0001,0.000000001,0.000000001,0.00001,0.1,0.00000001,0.000001,0.1,0.00001,0.1,0.00000001,0.000001,0.1
USDT,BTC,ASTR,BUY BTC/USDT,BUY ASTR/BTC,SELL ASTR/USDT,0.00001,0.1,0.00000001,0.000001,0.1,10,0.000001,0.001,0.0000000001,0.0000000001,1,0.1,0.0001,0.00001,0.00001
USDT,ASTR,BTC,BUY ASTR/USDT,BUY BTC/ASTR,SELL BTC/USDT,10,0.000001,0.001,0.0000000001,0.0000000001,0.00001,0.1,0.00000001,0.000001,0.1,0.00001,0.1,0.00000001,0.000001,0.1
USDT,BTC,VET,BUY BTC/USDT,BUY VET/BTC,SELL VET/USDT,0.00001,0.1,0.00000001,0.000001,0.1,10,0.00001,0.001,0.0000000001,0.0000000001,10,0.1,0.1,0.00001,0.00001
USDT,VET,BTC,BUY VET/USDT,BUY BTC/VET,SELL BTC/USDT,10,0.00001,0.001,0.0000000001,0.0000000001,0.00001,0.1,0.00000001,0.000001,0.1,0.00001,0.1,0.00000001,0.000001,0.1
USDT,BTC,XTZ,BUY BTC/USDT,BUY XTZ/BTC,SELL XTZ/USDT,0.00001,0.1,0.00000001,0.000001,0.1,0.1,0.000001,0.0001,0.00000001,0.00000001,0.1,0.1,0.01,0.0001,0.0001
USDT,XTZ,BTC,BUY XTZ/USDT,BUY BTC/XTZ,SELL BTC/USDT,0.1,0.000001,0.0001,0.00000001,0.00000001,0.00001,0.1,0.00000001,0.000001,0.1,0.00001,0.1,0.00000001,0.000001,0.1
USDT,BTC,NKN,BUY BTC/USDT,BUY NKN/BTC,SELL NKN/USDT,0.00001,0.1,0.00000001,0.000001,0.1,10,0.000001,0.1,0.0000000001,0.0000000001,10,0.1,0.1,0.00001,0.00001
USDT,NKN,BTC,BUY NKN/USDT,BUY BTC/NKN,SELL BTC/USDT,10,0.000001,0.1,0.0000000001,0.0000000001,0.00001,0.1,0.00000001,0.000001,0.1,0.00001,0.1,0.00000001,0.000001,0.1
USDT,BTC,CKB,BUY BTC/USDT,BUY CKB/BTC,SELL CKB/USDT,0.00001,0.1,0.00000001,0.000001,0.1,10,0.000001,0.0001,0.00000000001,0.00000000001,10,0.1,0.0001,0.000001,0.000001
USDT,CKB,BTC,BUY CKB/USDT,BUY BTC/CKB,SELL BTC/USDT,10,0.000001,0.0001,0.00000000001,0.00000000001,0.00001,0.1,0.00000001,0.000001,0.1,0.00001,0.1,0.00000001,0.000001,0.1
USDT,BTC,ZEC,BUY BTC/USDT,BUY ZEC/BTC,SELL ZEC/USDT,0.00001,0.1,0.00000001,0.000001,0.1,0.001,0.000001,0.0001,0.0000001,0.0000001,0.001,0.1,0.0001,0.001,0.001
USDT,ZEC,BTC,BUY ZEC/USDT,BUY BTC/ZEC,SELL BTC/USDT,0.001,0.000001,0.0001,0.0000001,0.0000001,0.00001,0.1,0.00000001,0.000001,0.1,0.00001,0.1,0.00000001,0.000001,0.1
USDT,BTC,ADA,BUY BTC/USDT,BUY ADA/BTC,SELL ADA/USDT,0.00001,0.1,0.00000001,0.000001,0.1,1,0.000001,0.0001,0.00000001,0.00000001,1,0.1,0.01,0.0001,0.0001
USDT,ADA,BTC,BUY ADA/USDT,BUY BTC/ADA,SELL BTC/USDT,1,0.000001,0.0001,0.00000001,0.00000001,0.00001,0.1,0.00000001,0.000001,0.1,0.00001,0.1,0.00000001,0.000001,0.1
USDT,BTC,AAVE,BUY BTC/USDT,BUY AAVE/BTC,SELL AAVE/USDT,0.00001,0.1,0.00000001,0.000001,0.1,0.001,0.000001,0.0001,0.000001,0.000001,0.001,0.1,0.0001,0.001,0.001
USDT,AAVE,BTC,BUY AAVE/USDT,BUY BTC/AAVE,SELL BTC/USDT,0.001,0.000001,0.0001,0.000001,0.000001,0.00001,0.1,0.00000001,0.000001,0.1,0.00001,0.1,0.00000001,0.000001,0.1
USDT,BTC,BDX,BUY BTC/USDT,BUY BDX/BTC,SELL BDX/USDT,0.00001,0.1,0.00000001,0.000001,0.1,1,0.000001,0.0001,0.000000001,0.000000001,10,0.1,0.0001,0.00001,0.00001
USDT,BDX,BTC,BUY BDX/USDT,BUY BTC/BDX,SELL BTC/USDT,1,0.000001,0.0001,0.000000001,0.000000001,0.00001,0.1,0.00000001,0.000001,0.1,0.00001,0.1,0.00000001,0.000001,0.1
USDT,BTC,TEL,BUY BTC/USDT,BUY TEL/BTC,SELL TEL/USDT,0.00001,0.1,0.00000001,0.000001,0.1,100,0.00001,0.01,0.00000000001,0.00000000001,1000,0.1,1,0.000001,0.000001
USDT,TEL,BTC,BUY TEL/USDT,BUY BTC/TEL,SELL BTC/USDT,100,0.00001,0.01,0.00000000001,0.00000000001,0.00001,0.1,0.00000001,0.000001,0.1,0.00001,0.1,0.00000001,0.000001,0.1
USDT,BTC,BAX,BUY BTC/USDT,BUY BAX/BTC,SELL BAX/USDT,0.00001,0.1,0.00000001,0.000001,0.1,100,0.00001,0.0001,0.000000000001,0.000000000001,1000,0.1,0.0001,0.00000001,0.00000001
USDT,BAX,BTC,BUY BAX/USDT,BUY BTC/BAX,SELL BTC/USDT,100,0.00001,0.0001,0.000000000001,0.000000000001,0.00001,0.1,0.00000001,0.000001,0.1,0.00001,0.1,0.00000001,0.000001,0.1
USDT,BTC,SKL,BUY BTC/USDT,BUY SKL/BTC,SELL SKL/USDT,0.00001,0.1,0.00000001,0.000001,0.1,10,0.000001,0.001,0.0000000001,0.0000000001,1,0.1,0.0001,0.00001,0.00001
USDT,SKL,BTC,BUY SKL/USDT,BUY BTC/SKL,SELL BTC/USDT,10,0.000001,0.001,0.0000000001,0.0000000001,0.00001,0.1,0.00000001,0.000001,0.1,0.00001,0.1,0.00000001,0.000001,0.1
USDT,BTC,DOT,BUY BTC/USDT,BUY DOT/BTC,SELL DOT/USDT,0.00001,0.1,0.00000001,0.000001,0.1,0.01,0.000001,0.0001,0.00000001,0.00000001,0.1,0.1,0.0001,0.0001,0.0001
USDT,DOT,BTC,BUY DOT/USDT,BUY BTC/DOT,SELL BTC/USDT,0.01,0.000001,0.0001,0.00000001,0.00000001,0.00001,0.1,0.00000001,0.000001,0.1,0.00001,0.1,0.00000001,0.000001,0.1
USDT,BTC,DOGE,BUY BTC/USDT,BUY DOGE/BTC,SELL DOGE/USDT,0.00001,0.1,0.00000001,0.000001,0.1,10,0.00001,0.0001,0.000000001,0.000000001,10,0.1,0.0001,0.00001,0.00001
USDT,DOGE,BTC,BUY DOGE/USDT,BUY BTC/DOGE,SELL BTC/USDT,10,0.00001,0.0001,0.000000001,0.000000001,0.00001,0.1,0.00000001,0.000001,0.1,0.00001,0.1,0.00000001,0.000001,0.1
USDT,BTC,BNB,BUY BTC/USDT,BUY BNB/BTC,SELL BNB/USDT,0.00001,0.1,0.00000001,0.000001,0.1,0.001,0.000001,0.0001,0.0000001,0.0000001,0.001,0.1,0.0001,0.001,0.001
USDT,BNB,BTC,BUY BNB/USDT,BUY BTC/BNB,SELL BTC/USDT,0.001,0.000001,0.0001,0.0000001,0.0000001,0.00001,0.1,0.00000001,0.000001,0.1,0.00001,0.1,0.00000001,0.000001,0.1
USDT,BTC,ANKR,BUY BTC/USDT,BUY ANKR/BTC,SELL ANKR/USDT,0.00001,0.1,0.00000001,0.000001,0.1,10,0.00001,0.0001,0.00000001,0.0000000001,1,0.1,0.0001,0.00001,0.00001
USDT,ANKR,BTC,BUY ANKR/USDT,BUY BTC/ANKR,SELL BTC/USDT,10,0.00001,0.0001,0.00000001,0.0000000001,0.00001,0.1,0.00000001,0.000001,0.1,0.00001,0.1,0.00000001,0.000001,0.1
USDT,BTC,KLV,BUY BTC/USDT,BUY KLV/BTC,SELL KLV/USDT,0.00001,0.1,0.00000001,0.000001,0.1,10,0.000001,0.0001,0.00000000001,0.00000000001,10,0.1,0.0001,0.000001,0.000001
USDT,KLV,BTC,BUY KLV/USDT,BUY BTC/KLV,SELL BTC/USDT,10,0.000001,0.0001,0.00000000001,0.00000000001,0.00001,0.1,0.00000001,0.000001,0.1,0.00001,0.1,0.00000001,0.000001,0.1
USDT,DOGE,SHIB,BUY DOGE/USDT,BUY SHIB/DOGE,SELL SHIB/USDT,10,0.1,0.0001,0.00001,0.00001,1000,0.1,0.0001,0.00000001,0.00000001,100000,0.1,0.0001,0.000000001,0.000000001
USDT,SHIB,DOGE,BUY SHIB/USDT,BUY DOGE/SHIB,SELL DOGE/USDT,1000,0.1,0.0001,0.00000001,0.00000001,10,0.1,0.0001,0.00001,0.00001,10,0.1,0.0001,0.00001,0.00001
