base1,quote1,symbol1,step1,minQty1,minNotional1,spot1,market1,qoq1,quotePrec1,base2,quote2,symbol2,step2,minQty2,minNotional2,spot2,market2,qoq2,quotePrec2,base3,quote3,symbol3,step3,minQty3,minNotional3,spot3,market3,qoq3,quotePrec3,cycle_leg1,cycle_leg2,cycle_leg3,min_start_usdt,trade_amount_ok,reason
0G,USDC,0GUSDC,0,0.000000000000,0.000000000000,0,1,0,4,USDC,USDT,USDCUSDT,0,0.000000000000,0.000000000000,1,1,0,4,0G,USDT,0GUSDT,0,0.000000000000,0.000000000000,1,1,0,3,,,,0.000000,0,spot not allowed
1DOLLAR,USDC,1DOLLARUSDC,0,0.000000000000,0.000000000000,0,1,0,6,USDC,USDT,USDCUSDT,0,0.000000000000,0.000000000000,1,1,0,4,1DOLLAR,USDT,1DOLLARUSDT,0,0.000000000000,0.000000000000,1,1,0,6,,,,0.000000,0,spot not allowed
A,USDC,AUSDC,0,0.000000000000,0.000000000000,0,1,0,4,USDC,USDT,USDCUSDT,0,0.000000000000,0.000000000000,1,1,0,4,A,USDT,AUSDT,0,0.000000000000,0.000000000000,0,1,0,4,,,,0.000000,0,spot not allowed
A,BTC,ABTC,0,0.000000000000,0.000000000000,0,1,0,9,BTC,USDC,BTCUSDC,0,0.000000000000,0.000000000000,1,1,0,2,A,USDC,AUSDC,0,0.000000000000,0.000000000000,0,1,0,4,,,,0.000000,0,spot not allowed
A,BTC,ABTC,0,0.000000000000,0.000000000000,0,1,0,9,BTC,USDT,BTCUSDT,0,0.000000000000,0.000000000000,0,1,0,2,A,USDT,AUSDT,0,0.000000000000,0.000000000000,0,1,0,4,,,,0.000000,0,spot not allowed
AAVE,USDC,AAVEUSDC,0,0.000000000000,0.000000000000,1,0,0,2,USDC,USDT,USDCUSDT,0,0.000000000000,0.000000000000,1,1,0,4,AAVE,USDT,AAVEUSDT,0,0.000000000000,0.000000000000,1,1,0,2,,,,0.000000,0,market not allowed
ACH,USDC,ACHUSDC,0,0.000000000000,0.000000000000,0,1,0,6,USDC,USDT,USDCUSDT,0,0.000000000000,0.000000000000,1,1,0,4,ACH,USDT,ACHUSDT,0,0.000000000000,0.000000000000,1,1,0,6,,,,0.000000,0,spot not allowed
ADA,EUR,ADAEUR,0,0.000000000000,0.000000000000,1,1,0,4,EUR,USDC,EURUSDC,0,0.000000000000,0.000000000000,0,1,0,4,ADA,USDC,ADAUSDC,0,0.000000000000,0.000000000000,1,0,0,4,,,,0.000000,0,spot not allowed
ADA,EUR,ADAEUR,0,0.000000000000,0.000000000000,1,1,0,4,EUR,USDT,EURUSDT,0,0.000000000000,0.000000000000,0,1,0,4,ADA,USDT,ADAUSDT,0,0.000000000000,0.000000000000,1,1,0,4,,,,0.000000,0,spot not allowed
ADA,USDC,ADAUSDC,0,0.000000000000,0.000000000000,1,0,0,4,USDC,USDT,USDCUSDT,0,0.000000000000,0.000000000000,1,1,0,4,ADA,USDT,ADAUSDT,0,0.000000000000,0.000000000000,1,1,0,4,,,,0.000000,0,market not allowed
ADA,BTC,ADABTC,0,0.000000000000,0.000000000000,1,0,0,9,BTC,USDC,BTCUSDC,0,0.000000000000,0.000000000000,1,1,0,2,ADA,USDC,ADAUSDC,0,0.000000000000,0.000000000000,1,0,0,4,,,,0.000000,0,market not allowed
ADA,BTC,ADABTC,0,0.000000000000,0.000000000000,1,0,0,9,BTC,USDT,BTCUSDT,0,0.000000000000,0.000000000000,0,1,0,2,ADA,USDT,ADAUSDT,0,0.000000000000,0.000000000000,1,1,0,4,,,,0.000000,0,spot not allowed
ADA,BTC,ADABTC,0,0.000000000000,0.000000000000,1,0,0,9,BTC,EUR,BTCEUR,0,0.000000000000,0.000000000000,0,1,0,2,ADA,EUR,ADAEUR,0,0.000000000000,0.000000000000,1,1,0,4,,,,0.000000,0,spot not allowed
AERGO,USDC,AERGOUSDC,0,0.000000000000,0.000000000000,0,1,0,5,USDC,USDT,USDCUSDT,0,0.000000000000,0.000000000000,1,1,0,4,AERGO,USDT,AERGOUSDT,0,0.000000000000,0.000000000000,1,1,0,5,,,,0.000000,0,spot not allowed
AGT,USDC,AGTUSDC,0,0.000000000000,0.000000000000,0,1,0,6,USDC,USDT,USDCUSDT,0,0.000000000000,0.000000000000,1,1,0,4,AGT,USDT,AGTUSDT,0,0.000000000000,0.000000000000,1,1,0,6,,,,0.000000,0,spot not allowed
AIOT,USDC,AIOTUSDC,0,0.000000000000,0.000000000000,0,1,0,5,USDC,USDT,USDCUSDT,0,0.000000000000,0.000000000000,1,1,0,4,AIOT,USDT,AIOTUSDT,0,0.000000000000,0.000000000000,1,1,0,5,,,,0.000000,0,spot not allowed
ALCH,USDC,ALCHUSDC,0,0.000000000000,0.000000000000,0,1,0,4,USDC,USDT,USDCUSDT,0,0.000000000000,0.000000000000,1,1,0,4,ALCH,USDT,ALCHUSDT,0,0.000000000000,0.000000000000,1,1,0,5,,,,0.000000,0,spot not allowed
ALGO,USDC,ALGOUSDC,0,0.000000000000,0.000000000000,1,0,0,4,USDC,USDT,USDCUSDT,0,0.000000000000,0.000000000000,1,1,0,4,ALGO,USDT,ALGOUSDT,0,0.000000000000,0.000000000000,1,1,0,4,,,,0.000000,0,market not allowed
ALLO,USDC,ALLOUSDC,0,0.000000000000,0.000000000000,0,1,0,4,USDC,USDT,USDCUSDT,0,0.000000000000,0.000000000000,1,1,0,4,ALLO,USDT,ALLOUSDT,0,0.000000000000,0.000000000000,1,1,0,4,,,,0.000000,0,spot not allowed
ANKR,BTC,ANKRBTC,0,0.000000000000,0.000000000000,1,1,0,11,BTC,USDT,BTCUSDT,0,0.000000000000,0.000000000000,0,1,0,2,ANKR,USDT,ANKRUSDT,0,0.000000000000,0.000000000000,1,1,0,6,,,,0.000000,0,spot not allowed
APE,USDC,APEUSDC,0,0.000000000000,0.000000000000,1,0,0,4,USDC,USDT,USDCUSDT,0,0.000000000000,0.000000000000,1,1,0,4,APE,USDT,APEUSDT,0,0.000000000000,0.000000000000,1,1,0,4,,,,0.000000,0,market not allowed
APR,USDC,APRUSDC,0,0.000000000000,0.000000000000,0,1,0,5,USDC,USDT,USDCUSDT,0,0.000000000000,0.000000000000,1,1,0,4,APR,USDT,APRUSDT,0,0.000000000000,0.000000000000,1,1,0,5,,,,0.000000,0,spot not allowed
APT,USDC,APTUSDC,0,0.000000000000,0.000000000000,0,1,0,3,USDC,USDT,USDCUSDT,0,0.000000000000,0.000000000000,1,1,0,4,APT,USDT,APTUSDT,0,0.000000000000,0.000000000000,1,1,0,3,,,,0.000000,0,spot not allowed
AR,USDC,ARUSDC,0,0.000000000000,0.000000000000,0,1,0,3,USDC,USDT,USDCUSDT,0,0.000000000000,0.000000000000,1,1,0,4,AR,USDT,ARUSDT,0,0.000000000000,0.000000000000,1,1,0,3,,,,0.000000,0,spot not allowed
AR,ETH,ARETH,0,0.000000000000,0.000000000000,1,1,0,7,ETH,USDT,ETHUSDT,0,0.000000000000,0.000000000000,0,1,0,2,AR,USDT,ARUSDT,0,0.000000000000,0.000000000000,1,1,0,3,,,,0.000000,0,spot not allowed
AR,ETH,ARETH,0,0.000000000000,0.000000000000,1,1,0,7,ETH,USDC,ETHUSDC,0,0.000000000000,0.000000000000,1,0,0,2,AR,USDC,ARUSDC,0,0.000000000000,0.000000000000,0,1,0,3,,,,0.000000,0,spot not allowed
ARB,USDC,ARBUSDC,0,0.000000000000,0.000000000000,0,1,0,4,USDC,USDT,USDCUSDT,0,0.000000000000,0.000000000000,1,1,0,4,ARB,USDT,ARBUSDT,0,0.000000000000,0.000000000000,1,1,0,4,,,,0.000000,0,spot not allowed
ARKM,USDC,ARKMUSDC,0,0.000000000000,0.000000000000,0,1,0,4,USDC,USDT,USDCUSDT,0,0.000000000000,0.000000000000,1,1,0,4,ARKM,USDT,ARKMUSDT,0,0.000000000000,0.000000000000,1,1,0,4,,,,0.000000,0,spot not allowed
ART,USDC,ARTUSDC,0,0.000000000000,0.000000000000,0,1,0,7,USDC,USDT,USDCUSDT,0,0.000000000000,0.000000000000,1,1,0,4,ART,USDT,ARTUSDT,0,0.000000000000,0.000000000000,1,1,0,7,,,,0.000000,0,spot not allowed
ASTER,USDC,ASTERUSDC,0,0.000000000000,0.000000000000,0,1,0,4,USDC,USDT,USDCUSDT,0,0.000000000000,0.000000000000,1,1,0,4,ASTER,USDT,ASTERUSDT,0,0.000000000000,0.000000000000,1,1,0,4,,,,0.000000,0,spot not allowed
AT,USDC,ATUSDC,0,0.000000000000,0.000000000000,0,1,0,5,USDC,USDT,USDCUSDT,0,0.000000000000,0.000000000000,1,1,0,4,AT,USDT,ATUSDT,0,0.000000000000,0.000000000000,1,1,0,5,,,,0.000000,0,spot not allowed
ATOM,BTC,ATOMBTC,0,0.000000000000,0.000000000000,1,1,0,8,BTC,USDC,BTCUSDC,0,0.000000000000,0.000000000000,1,1,0,2,ATOM,USDC,ATOMUSDC,0,0.000000000000,0.000000000000,1,0,0,3,,,,0.000000,0,market not allowed
ATOM,BTC,ATOMBTC,0,0.000000000000,0.000000000000,1,1,0,8,BTC,USDT,BTCUSDT,0,0.000000000000,0.000000000000,0,1,0,2,ATOM,USDT,ATOMUSDT,0,0.000000000000,0.000000000000,1,1,0,3,,,,0.000000,0,spot not allowed
ATOM,USDC,ATOMUSDC,0,0.000000000000,0.000000000000,1,0,0,3,USDC,USDT,USDCUSDT,0,0.000000000000,0.000000000000,1,1,0,4,ATOM,USDT,ATOMUSDT,0,0.000000000000,0.000000000000,1,1,0,3,,,,0.000000,0,market not allowed
AVAX,USDC,AVAXUSDC,0,0.000000000000,0.000000000000,1,0,0,2,USDC,USDT,USDCUSDT,0,0.000000000000,0.000000000000,1,1,0,4,AVAX,USDT,AVAXUSDT,0,0.000000000000,0.000000000000,1,1,0,2,,,,0.000000,0,market not allowed
AVAX,EUR,AVAXEUR,0,0.000000000000,0.000000000000,0,1,0,2,EUR,USDC,EURUSDC,0,0.000000000000,0.000000000000,0,1,0,4,AVAX,USDC,AVAXUSDC,0,0.000000000000,0.000000000000,1,0,0,2,,,,0.000000,0,spot not allowed
AVAX,EUR,AVAXEUR,0,0.000000000000,0.000000000000,0,1,0,2,EUR,USDT,EURUSDT,0,0.000000000000,0.000000000000,0,1,0,4,AVAX,USDT,AVAXUSDT,0,0.000000000000,0.000000000000,1,1,0,2,,,,0.000000,0,spot not allowed
AVNT,USDC,AVNTUSDC,0,0.000000000000,0.000000000000,0,1,0,4,USDC,USDT,USDCUSDT,0,0.000000000000,0.000000000000,1,1,0,4,AVNT,USDT,AVNTUSDT,0,0.000000000000,0.000000000000,1,1,0,4,,,,0.000000,0,spot not allowed
AZERO,USDC,AZEROUSDC,0,0.000000000000,0.000000000000,1,0,0,5,USDC,USDT,USDCUSDT,0,0.000000000000,0.000000000000,1,1,0,4,AZERO,USDT,AZEROUSDT,0,0.000000000000,0.000000000000,1,1,0,5,,,,0.000000,0,market not allowed
B,USD1,BUSD1,0,0.000000000000,0.000000000000,0,1,0,5,USD1,USDT,USD1USDT,0,0.000000000000,0.000000000000,1,1,0,4,B,USDT,BUSDT,0,0.000000000000,0.000000000000,1,1,0,5,,,,0.000000,0,spot not allowed
B2,USDC,B2USDC,0,0.000000000000,0.000000000000,0,1,0,5,USDC,USDT,USDCUSDT,0,0.000000000000,0.000000000000,1,1,0,4,B2,USDT,B2USDT,0,0.000000000000,0.000000000000,1,1,0,5,,,,0.000000,0,spot not allowed
BABY,USDC,BABYUSDC,0,0.000000000000,0.000000000000,0,1,0,5,USDC,USDT,USDCUSDT,0,0.000000000000,0.000000000000,1,1,0,4,BABY,USDT,BABYUSDT,0,0.000000000000,0.000000000000,1,1,0,5,,,,0.000000,0,spot not allowed
BANANA,USDC,BANANAUSDC,0,0.000000000000,0.000000000000,0,1,0,3,USDC,USDT,USDCUSDT,0,0.000000000000,0.000000000000,1,1,0,4,BANANA,USDT,BANANAUSDT,0,0.000000000000,0.000000000000,1,1,0,3,,,,0.000000,0,spot not allowed
BANANAS31,USDC,BANANAS31USDC,0,0.000000000000,0.000000000000,0,1,0,6,USDC,USDT,USDCUSDT,0,0.000000000000,0.000000000000,1,1,0,4,BANANAS31,USDT,BANANAS31USDT,0,0.000000000000,0.000000000000,1,1,0,7,,,,0.000000,0,spot not allowed
BANK,USD1,BANKUSD1,0,0.000000000000,0.000000000000,0,1,0,5,USD1,USDT,USD1USDT,0,0.000000000000,0.000000000000,1,1,0,4,BANK,USDT,BANKUSDT,0,0.000000000000,0.000000000000,1,1,0,5,,,,0.000000,0,spot not allowed
BANK,USDC,BANKUSDC,0,0.000000000000,0.000000000000,0,1,0,5,USDC,USDT,USDCUSDT,0,0.000000000000,0.000000000000,1,1,0,4,BANK,USDT,BANKUSDT,0,0.000000000000,0.000000000000,1,1,0,5,,,,0.000000,0,spot not allowed
BARD,USDC,BARDUSDC,0,0.000000000000,0.000000000000,0,1,0,4,USDC,USDT,USDCUSDT,0,0.000000000000,0.000000000000,1,1,0,4,BARD,USDT,BARDUSDT,0,0.000000000000,0.000000000000,1,1,0,4,,,,0.000000,0,spot not allowed
BCH,USDC,BCHUSDC,0,0.000000000000,0.000000000000,1,0,0,1,USDC,USDT,USDCUSDT,0,0.000000000000,0.000000000000,1,1,0,4,BCH,USDT,BCHUSDT,0,0.000000000000,0.000000000000,1,1,0,1,,,,0.000000,0,market not allowed
BCH,BTC,BCHBTC,0,0.000000000000,0.000000000000,1,1,0,6,BTC,USDT,BTCUSDT,0,0.000000000000,0.000000000000,0,1,0,2,BCH,USDT,BCHUSDT,0,0.000000000000,0.000000000000,1,1,0,1,,,,0.000000,0,spot not allowed
BCH,BTC,BCHBTC,0,0.000000000000,0.000000000000,1,1,0,6,BTC,USDC,BTCUSDC,0,0.000000000000,0.000000000000,1,1,0,2,BCH,USDC,BCHUSDC,0,0.000000000000,0.000000000000,1,0,0,1,,,,0.000000,0,market not allowed
BDX,BTC,BDXBTC,0,0.000000000000,0.000000000000,1,1,0,10,BTC,USDT,BTCUSDT,0,0.000000000000,0.000000000000,0,1,0,2,BDX,USDT,BDXUSDT,0,0.000000000000,0.000000000000,1,1,0,5,,,,0.000000,0,spot not allowed
BDXN,USDC,BDXNUSDC,0,0.000000000000,0.000000000000,0,1,0,5,USDC,USDT,USDCUSDT,0,0.000000000000,0.000000000000,1,1,0,4,BDXN,USDT,BDXNUSDT,0,0.000000000000,0.000000000000,1,1,0,5,,,,0.000000,0,spot not allowed
BERA,USDC,BERAUSDC,0,0.000000000000,0.000000000000,0,1,0,4,USDC,USDT,USDCUSDT,0,0.000000000000,0.000000000000,1,1,0,4,BERA,USDT,BERAUSDT,0,0.000000000000,0.000000000000,1,1,0,3,,,,0.000000,0,spot not allowed
BKN,USDC,BKNUSDC,0,0.000000000000,0.000000000000,0,1,0,5,USDC,USDT,USDCUSDT,0,0.000000000000,0.000000000000,1,1,0,4,BKN,USDT,BKNUSDT,0,0.000000000000,0.000000000000,0,1,0,5,,,,0.000000,0,spot not allowed
BLESS,USDC,BLESSUSDC,0,0.000000000000,0.000000000000,0,1,0,5,USDC,USDT,USDCUSDT,0,0.000000000000,0.000000000000,1,1,0,4,BLESS,USDT,BLESSUSDT,0,0.000000000000,0.000000000000,1,1,0,5,,,,0.000000,0,spot not allowed
BLUM,USDC,BLUMUSDC,0,0.000000000000,0.000000000000,0,1,0,5,USDC,USDT,USDCUSDT,0,0.000000000000,0.000000000000,1,1,0,4,BLUM,USDT,BLUMUSDT,0,0.000000000000,0.000000000000,1,1,0,5,,,,0.000000,0,spot not allowed
BMT,USDC,BMTUSDC,0,0.000000000000,0.000000000000,0,1,0,5,USDC,USDT,USDCUSDT,0,0.000000000000,0.000000000000,1,1,0,4,BMT,USDT,BMTUSDT,0,0.000000000000,0.000000000000,1,1,0,5,,,,0.000000,0,spot not allowed
BNB,USDC,BNBUSDC,0,0.000000000000,0.000000000000,1,0,0,2,USDC,USDT,USDCUSDT,0,0.000000000000,0.000000000000,1,1,0,4,BNB,USDT,BNBUSDT,0,0.000000000000,0.000000000000,1,1,0,2,,,,0.000000,0,market not allowed
BOB,USDC,BOBUSDC,0,0.000000000000,0.000000000000,0,1,0,5,USDC,USDT,USDCUSDT,0,0.000000000000,0.000000000000,1,1,0,4,BOB,USDT,BOBUSDT,0,0.000000000000,0.000000000000,1,1,0,5,,,,0.000000,0,spot not allowed
BOMB,USDC,BOMBUSDC,0,0.000000000000,0.000000000000,0,1,0,7,USDC,USDT,USDCUSDT,0,0.000000000000,0.000000000000,1,1,0,4,BOMB,USDT,BOMBUSDT,0,0.000000000000,0.000000000000,1,1,0,7,,,,0.000000,0,spot not allowed
BONK,USDC,BONKUSDC,0,0.000000000000,0.000000000000,0,1,0,9,USDC,USDT,USDCUSDT,0,0.000000000000,0.000000000000,1,1,0,4,BONK,USDT,BONKUSDT,0,0.000000000000,0.000000000000,1,1,0,8,,,,0.000000,0,spot not allowed
BOOM,USDC,BOOMUSDC,0,0.000000000000,0.000000000000,0,1,0,6,USDC,USDT,USDCUSDT,0,0.000000000000,0.000000000000,1,1,0,4,BOOM,USDT,BOOMUSDT,0,0.000000000000,0.000000000000,1,1,0,6,,,,0.000000,0,spot not allowed
MX,BRL,MXBRL,0,0.000000000000,0.000000000000,0,1,0,2,MX,USDC,MXUSDC,0,0.000000000000,0.000000000000,1,0,0,3,USDC,BRL,USDCBRL,0,0.000000000000,0.000000000000,0,1,0,3,,,,0.000000,0,spot not allowed
MX,BRL,MXBRL,0,0.000000000000,0.000000000000,0,1,0,2,MX,USDT,MXUSDT,0,0.000000000000,0.000000000000,1,1,0,4,BRL,USDT,BRLUSDT,0,0.000000000000,0.000000000000,0,1,0,4,,,,0.000000,0,spot not allowed
BTC,BRL,BTCBRL,0,0.000000000000,0.000000000000,0,1,0,1,BTC,USDC,BTCUSDC,0,0.000000000000,0.000000000000,1,1,0,2,USDC,BRL,USDCBRL,0,0.000000000000,0.000000000000,0,1,0,3,,,,0.000000,0,spot not allowed
BTC,BRL,BTCBRL,0,0.000000000000,0.000000000000,0,1,0,1,XRP,BTC,XRPBTC,0,0.000000000000,0.000000000000,1,1,0,9,XRP,BRL,XRPBRL,0,0.000000000000,0.000000000000,0,1,0,3,,,,0.000000,0,spot not allowed
BTC,BRL,BTCBRL,0,0.000000000000,0.000000000000,0,1,0,1,SOL,BTC,SOLBTC,0,0.000000000000,0.000000000000,1,1,0,8,SOL,BRL,SOLBRL,0,0.000000000000,0.000000000000,0,1,0,2,,,,0.000000,0,spot not allowed
BTC,BRL,BTCBRL,0,0.000000000000,0.000000000000,0,1,0,1,ETH,BTC,ETHBTC,0,0.000000000000,0.000000000000,1,1,0,6,ETH,BRL,ETHBRL,0,0.000000000000,0.000000000000,0,1,0,2,,,,0.000000,0,spot not allowed
BTC,BRL,BTCBRL,0,0.000000000000,0.000000000000,0,1,0,1,BTC,USDT,BTCUSDT,0,0.000000000000,0.000000000000,0,1,0,2,BRL,USDT,BRLUSDT,0,0.000000000000,0.000000000000,0,1,0,4,,,,0.000000,0,spot not allowed
BTC,BRL,BTCBRL,0,0.000000000000,0.000000000000,0,1,0,1,MX,BTC,MXBTC,0,0.000000000000,0.000000000000,0,1,0,8,MX,BRL,MXBRL,0,0.000000000000,0.000000000000,0,1,0,2,,,,0.000000,0,spot not allowed
USDC,BRL,USDCBRL,0,0.000000000000,0.000000000000,0,1,0,3,XRP,USDC,XRPUSDC,0,0.000000000000,0.000000000000,1,0,0,4,XRP,BRL,XRPBRL,0,0.000000000000,0.000000000000,0,1,0,3,,,,0.000000,0,spot not allowed
USDC,BRL,USDCBRL,0,0.000000000000,0.000000000000,0,1,0,3,USDC,USDT,USDCUSDT,0,0.000000000000,0.000000000000,1,1,0,4,BRL,USDT,BRLUSDT,0,0.000000000000,0.000000000000,0,1,0,4,,,,0.000000,0,spot not allowed
SOL,BRL,SOLBRL,0,0.000000000000,0.000000000000,0,1,0,2,SOL,USDT,SOLUSDT,0,0.000000000000,0.000000000000,1,1,0,2,BRL,USDT,BRLUSDT,0,0.000000000000,0.000000000000,0,1,0,4,,,,0.000000,0,spot not allowed
SOL,BRL,SOLBRL,0,0.000000000000,0.000000000000,0,1,0,2,SOL,USDC,SOLUSDC,0,0.000000000000,0.000000000000,1,0,0,2,USDC,BRL,USDCBRL,0,0.000000000000,0.000000000000,0,1,0,3,,,,0.000000,0,spot not allowed
ETH,BRL,ETHBRL,0,0.000000000000,0.000000000000,0,1,0,2,ETH,USDT,ETHUSDT,0,0.000000000000,0.000000000000,0,1,0,2,BRL,USDT,BRLUSDT,0,0.000000000000,0.000000000000,0,1,0,4,,,,0.000000,0,spot not allowed
ETH,BRL,ETHBRL,0,0.000000000000,0.000000000000,0,1,0,2,MX,ETH,MXETH,0,0.000000000000,0.000000000000,1,1,0,8,MX,BRL,MXBRL,0,0.000000000000,0.000000000000,0,1,0,2,,,,0.000000,0,spot not allowed
ETH,BRL,ETHBRL,0,0.000000000000,0.000000000000,0,1,0,2,ETH,USDC,ETHUSDC,0,0.000000000000,0.000000000000,1,0,0,2,USDC,BRL,USDCBRL,0,0.000000000000,0.000000000000,0,1,0,3,,,,0.000000,0,spot not allowed
ETH,BRL,ETHBRL,0,0.000000000000,0.000000000000,0,1,0,2,XRP,ETH,XRPETH,0,0.000000000000,0.000000000000,0,1,0,7,XRP,BRL,XRPBRL,0,0.000000000000,0.000000000000,0,1,0,3,,,,0.000000,0,spot not allowed
BRL,USDT,BRLUSDT,0,0.000000000000,0.000000000000,0,1,0,4,VINE,USDT,VINEUSDT,0,0.000000000000,0.000000000000,1,1,0,5,VINE,BRL,VINEBRL,0,0.000000000000,0.000000000000,0,1,0,4,,,,0.000000,0,spot not allowed
BRL,USDT,BRLUSDT,0,0.000000000000,0.000000000000,0,1,0,4,XRP,USDT,XRPUSDT,0,0.000000000000,0.000000000000,1,1,0,4,XRP,BRL,XRPBRL,0,0.000000000000,0.000000000000,0,1,0,3,,,,0.000000,0,spot not allowed
BROCCOLIF3B,USDC,BROCCOLIF3BUSDC,0,0.000000000000,0.000000000000,0,1,0,6,USDC,USDT,USDCUSDT,0,0.000000000000,0.000000000000,1,1,0,4,BROCCOLIF3B,USDT,BROCCOLIF3BUSDT,0,0.000000000000,0.000000000000,1,1,0,6,,,,0.000000,0,spot not allowed
ONT,BTC,ONTBTC,0,0.000000000000,0.000000000000,1,1,0,10,ONT,USDT,ONTUSDT,0,0.000000000000,0.000000000000,1,1,0,5,BTC,USDT,BTCUSDT,0,0.000000000000,0.000000000000,0,1,0,2,,,,0.000000,0,spot not allowed
BTC,USDF,BTCUSDF,0,0.000000000000,0.000000000000,0,1,0,2,USDF,USDT,USDFUSDT,0,0.000000000000,0.000000000000,1,1,0,4,BTC,USDT,BTCUSDT,0,0.000000000000,0.000000000000,0,1,0,2,,,,0.000000,0,spot not allowed
BTC,USDC,BTCUSDC,0,0.000000000000,0.000000000000,1,1,0,2,USDC,USDF,USDCUSDF,0,0.000000000000,0.000000000000,0,1,0,4,BTC,USDF,BTCUSDF,0,0.000000000000,0.000000000000,0,1,0,2,,,,0.000000,0,spot not allowed
BTC,USDC,BTCUSDC,0,0.000000000000,0.000000000000,1,1,0,2,XRP,USDC,XRPUSDC,0,0.000000000000,0.000000000000,1,0,0,4,XRP,BTC,XRPBTC,0,0.000000000000,0.000000000000,1,1,0,9,,,,0.000000,0,market not allowed
BTC,USDC,BTCUSDC,0,0.000000000000,0.000000000000,1,1,0,2,WBTC,USDC,WBTCUSDC,0,0.000000000000,0.000000000000,1,0,0,1,WBTC,BTC,WBTCBTC,0,0.000000000000,0.000000000000,0,1,0,4,,,,0.000000,0,spot not allowed
BTC,USDC,BTCUSDC,0,0.000000000000,0.000000000000,1,1,0,2,XLM,USDC,XLMUSDC,0,0.000000000000,0.000000000000,1,1,0,4,XLM,BTC,XLMBTC,0,0.000000000000,0.000000000000,1,1,0,9,,,,0.000000,0,no USDT 3-leg cycle
BTC,USDC,BTCUSDC,0,0.000000000000,0.000000000000,1,1,0,2,USDC,USDT,USDCUSDT,0,0.000000000000,0.000000000000,1,1,0,4,BTC,USDT,BTCUSDT,0,0.000000000000,0.000000000000,0,1,0,2,,,,0.000000,0,spot not allowed
DOT,BTC,DOTBTC,0,0.000000000000,0.000000000000,1,1,0,8,DOT,USDT,DOTUSDT,0,0.000000000000,0.000000000000,1,1,0,3,BTC,USDT,BTCUSDT,0,0.000000000000,0.000000000000,0,1,0,2,,,,0.000000,0,spot not allowed
DOT,BTC,DOTBTC,0,0.000000000000,0.000000000000,1,1,0,8,DOT,USDC,DOTUSDC,0,0.000000000000,0.000000000000,0,1,0,3,BTC,USDC,BTCUSDC,0,0.000000000000,0.000000000000,1,1,0,2,,,,0.000000,0,spot not allowed
QTUM,BTC,QTUMBTC,0,0.000000000000,0.000000000000,1,1,0,8,QTUM,USDT,QTUMUSDT,0,0.000000000000,0.000000000000,1,1,0,3,BTC,USDT,BTCUSDT,0,0.000000000000,0.000000000000,0,1,0,2,,,,0.000000,0,spot not allowed
ETC,BTC,ETCBTC,0,0.000000000000,0.000000000000,1,1,0,7,ETC,USDC,ETCUSDC,0,0.000000000000,0.000000000000,0,1,0,2,BTC,USDC,BTCUSDC,0,0.000000000000,0.000000000000,1,1,0,2,,,,0.000000,0,spot not allowed
ETC,BTC,ETCBTC,0,0.000000000000,0.000000000000,1,1,0,7,ETC,USDT,ETCUSDT,0,0.000000000000,0.000000000000,1,1,0,2,BTC,USDT,BTCUSDT,0,0.000000000000,0.000000000000,0,1,0,2,,,,0.000000,0,spot not allowed
DEXE,BTC,DEXEBTC,0,0.000000000000,0.000000000000,1,1,0,8,DEXE,USDT,DEXEUSDT,0,0.000000000000,0.000000000000,1,1,0,3,BTC,USDT,BTCUSDT,0,0.000000000000,0.000000000000,0,1,0,2,,,,0.000000,0,spot not allowed
TRX,BTC,TRXBTC,0,0.000000000000,0.000000000000,1,1,0,9,TRX,USDT,TRXUSDT,0,0.000000000000,0.000000000000,1,1,0,4,BTC,USDT,BTCUSDT,0,0.000000000000,0.000000000000,0,1,0,2,,,,0.000000,0,spot not allowed
TRX,BTC,TRXBTC,0,0.000000000000,0.000000000000,1,1,0,9,TRX,USDE,TRXUSDE,0,0.000000000000,0.000000000000,0,1,0,4,BTC,USDE,BTCUSDE,0,0.000000000000,0.000000000000,1,1,0,2,,,,0.000000,0,spot not allowed
TRX,BTC,TRXBTC,0,0.000000000000,0.000000000000,1,1,0,9,TRX,USDC,TRXUSDC,0,0.000000000000,0.000000000000,1,0,0,4,BTC,USDC,BTCUSDC,0,0.000000000000,0.000000000000,1,1,0,2,,,,0.000000,0,market not allowed
LTC,BTC,LTCBTC,0,0.000000000000,0.000000000000,1,0,0,7,LTC,USDT,LTCUSDT,0,0.000000000000,0.000000000000,1,1,0,2,BTC,USDT,BTCUSDT,0,0.000000000000,0.000000000000,0,1,0,2,,,,0.000000,0,spot not allowed
LTC,BTC,LTCBTC,0,0.000000000000,0.000000000000,1,0,0,7,LTC,USDC,LTCUSDC,0,0.000000000000,0.000000000000,1,0,0,2,BTC,USDC,BTCUSDC,0,0.000000000000,0.000000000000,1,1,0,2,,,,0.000000,0,market not allowed
NEO,BTC,NEOBTC,0,0.000000000000,0.000000000000,1,1,0,8,NEO,USDT,NEOUSDT,0,0.000000000000,0.000000000000,1,1,0,3,BTC,USDT,BTCUSDT,0,0.000000000000,0.000000000000,0,1,0,2,,,,0.000000,0,spot not allowed
NEO,BTC,NEOBTC,0,0.000000000000,0.000000000000,1,1,0,8,NEO,USDC,NEOUSDC,0,0.000000000000,0.000000000000,0,1,0,3,BTC,USDC,BTCUSDC,0,0.000000000000,0.000000000000,1,1,0,2,,,,0.000000,0,spot not allowed
ETH,BTC,ETHBTC,0,0.000000000000,0.000000000000,1,1,0,6,XRP,ETH,XRPETH,0,0.000000000000,0.000000000000,0,1,0,7,XRP,BTC,XRPBTC,0,0.000000000000,0.000000000000,1,1,0,9,,,,0.000000,0,spot not allowed
ETH,BTC,ETHBTC,0,0.000000000000,0.000000000000,1,1,0,6,ETH,USDC,ETHUSDC,0,0.000000000000,0.000000000000,1,0,0,2,BTC,USDC,BTCUSDC,0,0.000000000000,0.000000000000,1,1,0,2,,,,0.000000,0,market not allowed
ETH,BTC,ETHBTC,0,0.000000000000,0.000000000000,1,1,0,6,IP,ETH,IPETH,0,0.000000000000,0.000000000000,0,1,0,7,IP,BTC,IPBTC,0,0.000000000000,0.000000000000,0,1,0,8,,,,0.000000,0,spot not allowed
ETH,BTC,ETHBTC,0,0.000000000000,0.000000000000,1,1,0,6,ETH,USDT,ETHUSDT,0,0.000000000000,0.000000000000,0,1,0,2,BTC,USDT,BTCUSDT,0,0.000000000000,0.000000000000,0,1,0,2,,,,0.000000,0,spot not allowed
ETH,BTC,ETHBTC,0,0.000000000000,0.000000000000,1,1,0,6,ETH,USD1,ETHUSD1,0,0.000000000000,0.000000000000,0,1,0,2,BTC,USD1,BTCUSD1,0,0.000000000000,0.000000000000,0,1,0,2,,,,0.000000,0,spot not allowed
ETH,BTC,ETHBTC,0,0.000000000000,0.000000000000,1,1,0,6,ETH,USDE,ETHUSDE,0,0.000000000000,0.000000000000,0,1,0,2,BTC,USDE,BTCUSDE,0,0.000000000000,0.000000000000,1,1,0,2,,,,0.000000,0,spot not allowed
ETH,BTC,ETHBTC,0,0.000000000000,0.000000000000,1,1,0,6,MX,ETH,MXETH,0,0.000000000000,0.000000000000,1,1,0,8,MX,BTC,MXBTC,0,0.000000000000,0.000000000000,0,1,0,8,,,,0.000000,0,spot not allowed
ETH,BTC,ETHBTC,0,0.000000000000,0.000000000000,1,1,0,6,ETH,EUR,ETHEUR,0,0.000000000000,0.000000000000,0,1,0,2,BTC,EUR,BTCEUR,0,0.000000000000,0.000000000000,0,1,0,2,,,,0.000000,0,spot not allowed
ETH,BTC,ETHBTC,0,0.000000000000,0.000000000000,1,1,0,6,ETH,USDF,ETHUSDF,0,0.000000000000,0.000000000000,0,1,0,2,BTC,USDF,BTCUSDF,0,0.000000000000,0.000000000000,0,1,0,2,,,,0.000000,0,spot not allowed
IP,BTC,IPBTC,0,0.000000000000,0.000000000000,0,1,0,8,IP,USDC,IPUSDC,0,0.000000000000,0.000000000000,0,1,0,3,BTC,USDC,BTCUSDC,0,0.000000000000,0.000000000000,1,1,0,2,,,,0.000000,0,spot not allowed
IP,BTC,IPBTC,0,0.000000000000,0.000000000000,0,1,0,8,IP,USDT,IPUSDT,0,0.000000000000,0.000000000000,1,1,0,3,BTC,USDT,BTCUSDT,0,0.000000000000,0.000000000000,0,1,0,2,,,,0.000000,0,spot not allowed
SOL,BTC,SOLBTC,0,0.000000000000,0.000000000000,1,1,0,8,SOL,USDT,SOLUSDT,0,0.000000000000,0.000000000000,1,1,0,2,BTC,USDT,BTCUSDT,0,0.000000000000,0.000000000000,0,1,0,2,,,,0.000000,0,spot not allowed
SOL,BTC,SOLBTC,0,0.000000000000,0.000000000000,1,1,0,8,SOL,USD1,SOLUSD1,0,0.000000000000,0.000000000000,0,1,0,2,BTC,USD1,BTCUSD1,0,0.000000000000,0.000000000000,0,1,0,2,,,,0.000000,0,spot not allowed
SOL,BTC,SOLBTC,0,0.000000000000,0.000000000000,1,1,0,8,SOL,USDE,SOLUSDE,0,0.000000000000,0.000000000000,0,1,0,2,BTC,USDE,BTCUSDE,0,0.000000000000,0.000000000000,1,1,0,2,,,,0.000000,0,spot not allowed
SOL,BTC,SOLBTC,0,0.000000000000,0.000000000000,1,1,0,8,SOL,USDC,SOLUSDC,0,0.000000000000,0.000000000000,1,0,0,2,BTC,USDC,BTCUSDC,0,0.000000000000,0.000000000000,1,1,0,2,,,,0.000000,0,market not allowed
DASH,BTC,DASHBTC,0,0.000000000000,0.000000000000,1,1,0,7,DASH,USDT,DASHUSDT,0,0.000000000000,0.000000000000,1,1,0,2,BTC,USDT,BTCUSDT,0,0.000000000000,0.000000000000,0,1,0,2,,,,0.000000,0,spot not allowed
DASH,BTC,DASHBTC,0,0.000000000000,0.000000000000,1,1,0,7,DASH,USDC,DASHUSDC,0,0.000000000000,0.000000000000,0,1,0,2,BTC,USDC,BTCUSDC,0,0.000000000000,0.000000000000,1,1,0,2,,,,0.000000,0,spot not allowed
OMG,BTC,OMGBTC,0,0.000000000000,0.000000000000,1,1,0,10,OMG,USDT,OMGUSDT,0,0.000000000000,0.000000000000,1,1,0,5,BTC,USDT,BTCUSDT,0,0.000000000000,0.000000000000,0,1,0,2,,,,0.000000,0,spot not allowed
BTC,USDT,BTCUSDT,0,0.000000000000,0.000000000000,0,1,0,2,XRP,USDT,XRPUSDT,0,0.000000000000,0.000000000000,1,1,0,4,XRP,BTC,XRPBTC,0,0.000000000000,0.000000000000,1,1,0,9,,,,0.000000,0,spot not allowed
BTC,USDT,BTCUSDT,0,0.000000000000,0.000000000000,0,1,0,2,WBTC,USDT,WBTCUSDT,0,0.000000000000,0.000000000000,1,1,0,2,WBTC,BTC,WBTCBTC,0,0.000000000000,0.000000000000,0,1,0,4,,,,0.000000,0,spot not allowed
BTC,USDT,BTCUSDT,0,0.000000000000,0.000000000000,0,1,0,2,XLM,USDT,XLMUSDT,0,0.000000000000,0.000000000000,1,1,0,4,XLM,BTC,XLMBTC,0,0.000000000000,0.000000000000,1,1,0,9,,,,0.000000,0,spot not allowed
BTC,USD1,BTCUSD1,0,0.000000000000,0.000000000000,0,1,0,2,USD1,USDT,USD1USDT,0,0.000000000000,0.000000000000,1,1,0,4,BTC,USDT,BTCUSDT,0,0.000000000000,0.000000000000,0,1,0,2,,,,0.000000,0,spot not allowed
BTC,USD1,BTCUSD1,0,0.000000000000,0.000000000000,0,1,0,2,XRP,USD1,XRPUSD1,0,0.000000000000,0.000000000000,0,1,0,4,XRP,BTC,XRPBTC,0,0.000000000000,0.000000000000,1,1,0,9,,,,0.000000,0,spot not allowed
BTC,USDE,BTCUSDE,0,0.000000000000,0.000000000000,1,1,0,2,XRP,USDE,XRPUSDE,0,0.000000000000,0.000000000000,0,1,0,4,XRP,BTC,XRPBTC,0,0.000000000000,0.000000000000,1,1,0,9,,,,0.000000,0,spot not allowed
BTC,USDE,BTCUSDE,0,0.000000000000,0.000000000000,1,1,0,2,USDE,USDT,USDEUSDT,0,0.000000000000,0.000000000000,0,1,0,4,BTC,USDT,BTCUSDT,0,0.000000000000,0.000000000000,0,1,0,2,,,,0.000000,0,spot not allowed
MX,BTC,MXBTC,0,0.000000000000,0.000000000000,0,1,0,8,MX,USDT,MXUSDT,0,0.000000000000,0.000000000000,1,1,0,4,BTC,USDT,BTCUSDT,0,0.000000000000,0.000000000000,0,1,0,2,,,,0.000000,0,spot not allowed
MX,BTC,MXBTC,0,0.000000000000,0.000000000000,0,1,0,8,MX,USDC,MXUSDC,0,0.000000000000,0.000000000000,1,0,0,3,BTC,USDC,BTCUSDC,0,0.000000000000,0.000000000000,1,1,0,2,,,,0.000000,0,spot not allowed
BTC,EUR,BTCEUR,0,0.000000000000,0.000000000000,0,1,0,2,SOL,EUR,SOLEUR,0,0.000000000000,0.000000000000,0,1,0,2,SOL,BTC,SOLBTC,0,0.000000000000,0.000000000000,1,1,0,8,,,,0.000000,0,spot not allowed
BTC,EUR,BTCEUR,0,0.000000000000,0.000000000000,0,1,0,2,EUR,USDT,EURUSDT,0,0.000000000000,0.000000000000,0,1,0,4,BTC,USDT,BTCUSDT,0,0.000000000000,0.000000000000,0,1,0,2,,,,0.000000,0,spot not allowed
BTC,EUR,BTCEUR,0,0.000000000000,0.000000000000,0,1,0,2,MX,EUR,MXEUR,0,0.000000000000,0.000000000000,0,1,0,4,MX,BTC,MXBTC,0,0.000000000000,0.000000000000,0,1,0,8,,,,0.000000,0,spot not allowed
BTC,EUR,BTCEUR,0,0.000000000000,0.000000000000,0,1,0,2,XRP,EUR,XRPEUR,0,0.000000000000,0.000000000000,1,1,0,4,XRP,BTC,XRPBTC,0,0.000000000000,0.000000000000,1,1,0,9,,,,0.000000,0,spot not allowed
BTC,EUR,BTCEUR,0,0.000000000000,0.000000000000,0,1,0,2,EUR,USDC,EURUSDC,0,0.000000000000,0.000000000000,0,1,0,4,BTC,USDC,BTCUSDC,0,0.000000000000,0.000000000000,1,1,0,2,,,,0.000000,0,spot not allowed
BTC,EUR,BTCEUR,0,0.000000000000,0.000000000000,0,1,0,2,LTC,EUR,LTCEUR,0,0.000000000000,0.000000000000,0,1,0,2,LTC,BTC,LTCBTC,0,0.000000000000,0.000000000000,1,0,0,7,,,,0.000000,0,spot not allowed
BTR,USDC,BTRUSDC,0,0.000000000000,0.000000000000,0,1,0,5,USDC,USDT,USDCUSDT,0,0.000000000000,0.000000000000,1,1,0,4,BTR,USDT,BTRUSDT,0,0.000000000000,0.000000000000,1,1,0,5,,,,0.000000,0,spot not allowed
C,USDC,CUSDC,0,0.000000000000,0.000000000000,0,1,0,5,USDC,USDT,USDCUSDT,0,0.000000000000,0.000000000000,1,1,0,4,C,USDT,CUSDT,0,0.000000000000,0.000000000000,1,1,0,5,,,,0.000000,0,spot not allowed
CAKE,USDC,CAKEUSDC,0,0.000000000000,0.000000000000,0,1,0,3,USDC,USDT,USDCUSDT,0,0.000000000000,0.000000000000,1,1,0,4,CAKE,USDT,CAKEUSDT,0,0.000000000000,0.000000000000,1,1,0,3,,,,0.000000,0,spot not allowed
CAMP,USDC,CAMPUSDC,0,0.000000000000,0.000000000000,0,1,0,6,USDC,USDT,USDCUSDT,0,0.000000000000,0.000000000000,1,1,0,4,CAMP,USDT,CAMPUSDT,0,0.000000000000,0.000000000000,1,1,0,6,,,,0.000000,0,spot not allowed
CAW,USDC,CAWUSDC,0,0.000000000000,0.000000000000,1,0,0,11,USDC,USDT,USDCUSDT,0,0.000000000000,0.000000000000,1,1,0,4,CAW,USDT,CAWUSDT,0,0.000000000000,0.000000000000,1,1,0,12,,,,0.000000,0,market not allowed
CC,USDC,CCUSDC,0,0.000000000000,0.000000000000,0,1,0,5,USDC,USDT,USDCUSDT,0,0.000000000000,0.000000000000,1,1,0,4,CC,USDT,CCUSDT,0,0.000000000000,0.000000000000,1,1,0,5,,,,0.000000,0,spot not allowed
CFX,USDC,CFXUSDC,0,0.000000000000,0.000000000000,0,1,0,5,USDC,USDT,USDCUSDT,0,0.000000000000,0.000000000000,1,1,0,4,CFX,USDT,CFXUSDT,0,0.000000000000,0.000000000000,1,1,0,5,,,,0.000000,0,spot not allowed
CGN,USDC,CGNUSDC,0,0.000000000000,0.000000000000,0,1,0,6,USDC,USDT,USDCUSDT,0,0.000000000000,0.000000000000,1,1,0,4,CGN,USDT,CGNUSDT,0,0.000000000000,0.000000000000,1,1,0,6,,,,0.000000,0,spot not allowed
COTI,USDC,COTIUSDC,0,0.000000000000,0.000000000000,0,1,0,5,USDC,USDT,USDCUSDT,0,0.000000000000,0.000000000000,1,1,0,4,COTI,USDT,COTIUSDT,0,0.000000000000,0.000000000000,1,1,0,5,,,,0.000000,0,spot not allowed
CRV,USDC,CRVUSDC,0,0.000000000000,0.000000000000,0,1,0,4,USDC,USDT,USDCUSDT,0,0.000000000000,0.000000000000,1,1,0,4,CRV,USDT,CRVUSDT,0,0.000000000000,0.000000000000,1,1,0,4,,,,0.000000,0,spot not allowed
CRV,ETH,CRVETH,0,0.000000000000,0.000000000000,1,1,0,8,ETH,USDC,ETHUSDC,0,0.000000000000,0.000000000000,1,0,0,2,CRV,USDC,CRVUSDC,0,0.000000000000,0.000000000000,0,1,0,4,,,,0.000000,0,spot not allowed
CRV,ETH,CRVETH,0,0.000000000000,0.000000000000,1,1,0,8,ETH,USDT,ETHUSDT,0,0.000000000000,0.000000000000,0,1,0,2,CRV,USDT,CRVUSDT,0,0.000000000000,0.000000000000,1,1,0,4,,,,0.000000,0,spot not allowed
DASH,USDC,DASHUSDC,0,0.000000000000,0.000000000000,0,1,0,2,USDC,USDT,USDCUSDT,0,0.000000000000,0.000000000000,1,1,0,4,DASH,USDT,DASHUSDT,0,0.000000000000,0.000000000000,1,1,0,2,,,,0.000000,0,spot not allowed
DOGE,EUR,DOGEEUR,0,0.000000000000,0.000000000000,1,1,0,5,EUR,USDT,EURUSDT,0,0.000000000000,0.000000000000,0,1,0,4,DOGE,USDT,DOGEUSDT,0,0.000000000000,0.000000000000,1,1,0,5,,,,0.000000,0,spot not allowed
DOGE,EUR,DOGEEUR,0,0.000000000000,0.000000000000,1,1,0,5,EUR,USDC,EURUSDC,0,0.000000000000,0.000000000000,0,1,0,4,DOGE,USDC,DOGEUSDC,0,0.000000000000,0.000000000000,1,0,0,4,,,,0.000000,0,spot not allowed
DOGE,USDC,DOGEUSDC,0,0.000000000000,0.000000000000,1,0,0,4,USDC,USDT,USDCUSDT,0,0.000000000000,0.000000000000,1,1,0,4,DOGE,USDT,DOGEUSDT,0,0.000000000000,0.000000000000,1,1,0,5,,,,0.000000,0,market not allowed
DOGE,USDE,DOGEUSDE,0,0.000000000000,0.000000000000,0,1,0,5,USDE,USDT,USDEUSDT,0,0.000000000000,0.000000000000,0,1,0,4,DOGE,USDT,DOGEUSDT,0,0.000000000000,0.000000000000,1,1,0,5,,,,0.000000,0,spot not allowed
DOGS,USDC,DOGSUSDC,0,0.000000000000,0.000000000000,0,1,0,8,USDC,USDT,USDCUSDT,0,0.000000000000,0.000000000000,1,1,0,4,DOGS,USDT,DOGSUSDT,0,0.000000000000,0.000000000000,1,1,0,8,,,,0.000000,0,spot not allowed
DOLO,USDC,DOLOUSDC,0,0.000000000000,0.000000000000,0,1,0,5,USDC,USDT,USDCUSDT,0,0.000000000000,0.000000000000,1,1,0,4,DOLO,USDT,DOLOUSDT,0,0.000000000000,0.000000000000,0,1,0,5,,,,0.000000,0,spot not allowed
DOOD,USDC,DOODUSDC,0,0.000000000000,0.000000000000,0,1,0,6,USDC,USDT,USDCUSDT,0,0.000000000000,0.000000000000,1,1,0,4,DOOD,USDT,DOODUSDT,0,0.000000000000,0.000000000000,1,1,0,6,,,,0.000000,0,spot not allowed
DOT,USDC,DOTUSDC,0,0.000000000000,0.000000000000,0,1,0,3,USDC,USDT,USDCUSDT,0,0.000000000000,0.000000000000,1,1,0,4,DOT,USDT,DOTUSDT,0,0.000000000000,0.000000000000,1,1,0,3,,,,0.000000,0,spot not allowed
EGLD,USDC,EGLDUSDC,0,0.000000000000,0.000000000000,0,1,0,3,USDC,USDT,USDCUSDT,0,0.000000000000,0.000000000000,1,1,0,4,EGLD,USDT,EGLDUSDT,0,0.000000000000,0.000000000000,1,1,0,3,,,,0.000000,0,spot not allowed
EIGEN,USDC,EIGENUSDC,0,0.000000000000,0.000000000000,0,1,0,4,USDC,USDT,USDCUSDT,0,0.000000000000,0.000000000000,1,1,0,4,EIGEN,USDT,EIGENUSDT,0,0.000000000000,0.000000000000,1,1,0,4,,,,0.000000,0,spot not allowed
ELDE,USDC,ELDEUSDC,0,0.000000000000,0.000000000000,0,0,0,0,USDC,USDT,USDCUSDT,0,0.000000000000,0.000000000000,1,1,0,4,ELDE,USDT,ELDEUSDT,0,0.000000000000,0.000000000000,1,1,0,6,,,,0.000000,0,missing rules
ENA,USDE,ENAUSDE,0,0.000000000000,0.000000000000,0,1,0,4,USDE,USDT,USDEUSDT,0,0.000000000000,0.000000000000,0,1,0,4,ENA,USDT,ENAUSDT,0,0.000000000000,0.000000000000,1,1,0,4,,,,0.000000,0,spot not allowed
ENS,USDC,ENSUSDC,0,0.000000000000,0.000000000000,1,0,0,2,USDC,USDT,USDCUSDT,0,0.000000000000,0.000000000000,1,1,0,4,ENS,USDT,ENSUSDT,0,0.000000000000,0.000000000000,1,1,0,2,,,,0.000000,0,market not allowed
EPT,USDC,EPTUSDC,0,0.000000000000,0.000000000000,0,1,0,6,USDC,USDT,USDCUSDT,0,0.000000000000,0.000000000000,1,1,0,4,EPT,USDT,EPTUSDT,0,0.000000000000,0.000000000000,1,1,0,6,,,,0.000000,0,spot not allowed
ERA,USDC,ERAUSDC,0,0.000000000000,0.000000000000,0,1,0,4,USDC,USDT,USDCUSDT,0,0.000000000000,0.000000000000,1,1,0,4,ERA,USDT,ERAUSDT,0,0.000000000000,0.000000000000,1,1,0,4,,,,0.000000,0,spot not allowed
ES,USDC,ESUSDC,0,0.000000000000,0.000000000000,0,1,0,5,USDC,USDT,USDCUSDT,0,0.000000000000,0.000000000000,1,1,0,4,ES,USDT,ESUSDT,0,0.000000000000,0.000000000000,1,1,0,5,,,,0.000000,0,spot not allowed
ETC,USDC,ETCUSDC,0,0.000000000000,0.000000000000,0,1,0,2,USDC,USDT,USDCUSDT,0,0.000000000000,0.000000000000,1,1,0,4,ETC,USDT,ETCUSDT,0,0.000000000000,0.000000000000,1,1,0,2,,,,0.000000,0,spot not allowed
IP,ETH,IPETH,0,0.000000000000,0.000000000000,0,1,0,7,IP,USDC,IPUSDC,0,0.000000000000,0.000000000000,0,1,0,3,ETH,USDC,ETHUSDC,0,0.000000000000,0.000000000000,1,0,0,2,,,,0.000000,0,spot not allowed
IP,ETH,IPETH,0,0.000000000000,0.000000000000,0,1,0,7,IP,USDT,IPUSDT,0,0.000000000000,0.000000000000,1,1,0,3,ETH,USDT,ETHUSDT,0,0.000000000000,0.000000000000,0,1,0,2,,,,0.000000,0,spot not allowed
MX,ETH,MXETH,0,0.000000000000,0.000000000000,1,1,0,8,MX,USDT,MXUSDT,0,0.000000000000,0.000000000000,1,1,0,4,ETH,USDT,ETHUSDT,0,0.000000000000,0.000000000000,0,1,0,2,,,,0.000000,0,spot not allowed
MX,ETH,MXETH,0,0.000000000000,0.000000000000,1,1,0,8,MX,USDC,MXUSDC,0,0.000000000000,0.000000000000,1,0,0,3,ETH,USDC,ETHUSDC,0,0.000000000000,0.000000000000,1,0,0,2,,,,0.000000,0,market not allowed
NMR,ETH,NMRETH,0,0.000000000000,0.000000000000,1,1,0,6,NMR,USDT,NMRUSDT,0,0.000000000000,0.000000000000,1,1,0,3,ETH,USDT,ETHUSDT,0,0.000000000000,0.000000000000,0,1,0,2,,,,0.000000,0,spot not allowed
ETH,USDT,ETHUSDT,0,0.000000000000,0.000000000000,0,1,0,2,XRP,USDT,XRPUSDT,0,0.000000000000,0.000000000000,1,1,0,4,XRP,ETH,XRPETH,0,0.000000000000,0.000000000000,0,1,0,7,,,,0.000000,0,spot not allowed
LINK,ETH,LINKETH,0,0.000000000000,0.000000000000,1,1,0,6,LINK,USDT,LINKUSDT,0,0.000000000000,0.000000000000,1,1,0,2,ETH,USDT,ETHUSDT,0,0.000000000000,0.000000000000,0,1,0,2,,,,0.000000,0,spot not allowed
LINK,ETH,LINKETH,0,0.000000000000,0.000000000000,1,1,0,6,LINK,USDC,LINKUSDC,0,0.000000000000,0.000000000000,1,1,0,2,ETH,USDC,ETHUSDC,0,0.000000000000,0.000000000000,1,0,0,2,,,,0.000000,0,market not allowed
SNX,ETH,SNXETH,0,0.000000000000,0.000000000000,1,1,0,7,SNX,USDT,SNXUSDT,0,0.000000000000,0.000000000000,1,1,0,4,ETH,USDT,ETHUSDT,0,0.000000000000,0.000000000000,0,1,0,2,,,,0.000000,0,spot not allowed
ETH,USDE,ETHUSDE,0,0.000000000000,0.000000000000,0,1,0,2,XRP,USDE,XRPUSDE,0,0.000000000000,0.000000000000,0,1,0,4,XRP,ETH,XRPETH,0,0.000000000000,0.000000000000,0,1,0,7,,,,0.000000,0,spot not allowed
ETH,USDE,ETHUSDE,0,0.000000000000,0.000000000000,0,1,0,2,USDE,USDT,USDEUSDT,0,0.000000000000,0.000000000000,0,1,0,4,ETH,USDT,ETHUSDT,0,0.000000000000,0.000000000000,0,1,0,2,,,,0.000000,0,spot not allowed
ETH,EUR,ETHEUR,0,0.000000000000,0.000000000000,0,1,0,2,XRP,EUR,XRPEUR,0,0.000000000000,0.000000000000,1,1,0,4,XRP,ETH,XRPETH,0,0.000000000000,0.000000000000,0,1,0,7,,,,0.000000,0,spot not allowed
ETH,EUR,ETHEUR,0,0.000000000000,0.000000000000,0,1,0,2,MX,EUR,MXEUR,0,0.000000000000,0.000000000000,0,1,0,4,MX,ETH,MXETH,0,0.000000000000,0.000000000000,1,1,0,8,,,,0.000000,0,spot not allowed
ETH,EUR,ETHEUR,0,0.000000000000,0.000000000000,0,1,0,2,EUR,USDT,EURUSDT,0,0.000000000000,0.000000000000,0,1,0,4,ETH,USDT,ETHUSDT,0,0.000000000000,0.000000000000,0,1,0,2,,,,0.000000,0,spot not allowed
ETH,EUR,ETHEUR,0,0.000000000000,0.000000000000,0,1,0,2,LINK,EUR,LINKEUR,0,0.000000000000,0.000000000000,0,1,0,2,LINK,ETH,LINKETH,0,0.000000000000,0.000000000000,1,1,0,6,,,,0.000000,0,spot not allowed
ETH,EUR,ETHEUR,0,0.000000000000,0.000000000000,0,1,0,2,EUR,USDC,EURUSDC,0,0.000000000000,0.000000000000,0,1,0,4,ETH,USDC,ETHUSDC,0,0.000000000000,0.000000000000,1,0,0,2,,,,0.000000,0,spot not allowed
ETH,USD1,ETHUSD1,0,0.000000000000,0.000000000000,0,1,0,2,XRP,USD1,XRPUSD1,0,0.000000000000,0.000000000000,0,1,0,4,XRP,ETH,XRPETH,0,0.000000000000,0.000000000000,0,1,0,7,,,,0.000000,0,spot not allowed
ETH,USD1,ETHUSD1,0,0.000000000000,0.000000000000,0,1,0,2,USD1,USDT,USD1USDT,0,0.000000000000,0.000000000000,1,1,0,4,ETH,USDT,ETHUSDT,0,0.000000000000,0.000000000000,0,1,0,2,,,,0.000000,0,spot not allowed
ETH,USDC,ETHUSDC,0,0.000000000000,0.000000000000,1,0,0,2,USDC,USDF,USDCUSDF,0,0.000000000000,0.000000000000,0,1,0,4,ETH,USDF,ETHUSDF,0,0.000000000000,0.000000000000,0,1,0,2,,,,0.000000,0,spot not allowed
ETH,USDC,ETHUSDC,0,0.000000000000,0.000000000000,1,0,0,2,XRP,USDC,XRPUSDC,0,0.000000000000,0.000000000000,1,0,0,4,XRP,ETH,XRPETH,0,0.000000000000,0.000000000000,0,1,0,7,,,,0.000000,0,spot not allowed
ETH,USDC,ETHUSDC,0,0.000000000000,0.000000000000,1,0,0,2,USDC,USDT,USDCUSDT,0,0.000000000000,0.000000000000,1,1,0,4,ETH,USDT,ETHUSDT,0,0.000000000000,0.000000000000,0,1,0,2,,,,0.000000,0,spot not allowed
ETH,USDF,ETHUSDF,0,0.000000000000,0.000000000000,0,1,0,2,USDF,USDT,USDFUSDT,0,0.000000000000,0.000000000000,1,1,0,4,ETH,USDT,ETHUSDT,0,0.000000000000,0.000000000000,0,1,0,2,,,,0.000000,0,spot not allowed
RSR,ETH,RSRETH,0,0.000000000000,0.000000000000,1,1,0,10,RSR,USDT,RSRUSDT,0,0.000000000000,0.000000000000,1,1,0,6,ETH,USDT,ETHUSDT,0,0.000000000000,0.000000000000,0,1,0,2,,,,0.000000,0,spot not allowed
OXT,ETH,OXTETH,0,0.000000000000,0.000000000000,1,1,0,9,OXT,USDT,OXTUSDT,0,0.000000000000,0.000000000000,1,1,0,5,ETH,USDT,ETHUSDT,0,0.000000000000,0.000000000000,0,1,0,2,,,,0.000000,0,spot not allowed
UNI,ETH,UNIETH,0,0.000000000000,0.000000000000,1,1,0,6,UNI,USDC,UNIUSDC,0,0.000000000000,0.000000000000,1,0,0,3,ETH,USDC,ETHUSDC,0,0.000000000000,0.000000000000,1,0,0,2,,,,0.000000,0,market not allowed
UNI,ETH,UNIETH,0,0.000000000000,0.000000000000,1,1,0,6,UNI,USDT,UNIUSDT,0,0.000000000000,0.000000000000,1,1,0,3,ETH,USDT,ETHUSDT,0,0.000000000000,0.000000000000,0,1,0,2,,,,0.000000,0,spot not allowed
SUI,EUR,SUIEUR,0,0.000000000000,0.000000000000,0,1,0,4,SUI,USDT,SUIUSDT,0,0.000000000000,0.000000000000,1,1,0,4,EUR,USDT,EURUSDT,0,0.000000000000,0.000000000000,0,1,0,4,,,,0.000000,0,spot not allowed
SUI,EUR,SUIEUR,0,0.000000000000,0.000000000000,0,1,0,4,SUI,USDC,SUIUSDC,0,0.000000000000,0.000000000000,1,1,0,4,EUR,USDC,EURUSDC,0,0.000000000000,0.000000000000,0,1,0,4,,,,0.000000,0,spot not allowed
KAS,EUR,KASEUR,0,0.000000000000,0.000000000000,1,1,0,5,KAS,USDT,KASUSDT,0,0.000000000000,0.000000000000,1,1,0,6,EUR,USDT,EURUSDT,0,0.000000000000,0.000000000000,0,1,0,4,,,,0.000000,0,spot not allowed
KAS,EUR,KASEUR,0,0.000000000000,0.000000000000,1,1,0,5,KAS,USDC,KASUSDC,0,0.000000000000,0.000000000000,1,1,0,5,EUR,USDC,EURUSDC,0,0.000000000000,0.000000000000,0,1,0,4,,,,0.000000,0,spot not allowed
SHIB,EUR,SHIBEUR,0,0.000000000000,0.000000000000,0,1,0,9,SHIB,USDT,SHIBUSDT,0,0.000000000000,0.000000000000,1,1,0,9,EUR,USDT,EURUSDT,0,0.000000000000,0.000000000000,0,1,0,4,,,,0.000000,0,spot not allowed
SHIB,EUR,SHIBEUR,0,0.000000000000,0.000000000000,0,1,0,9,SHIB,USDC,SHIBUSDC,0,0.000000000000,0.000000000000,1,0,0,9,EUR,USDC,EURUSDC,0,0.000000000000,0.000000000000,0,1,0,4,,,,0.000000,0,spot not allowed
TAO,EUR,TAOEUR,0,0.000000000000,0.000000000000,1,1,0,2,TAO,USDT,TAOUSDT,0,0.000000000000,0.000000000000,1,1,0,2,EUR,USDT,EURUSDT,0,0.000000000000,0.000000000000,0,1,0,4,,,,0.000000,0,spot not allowed
TAO,EUR,TAOEUR,0,0.000000000000,0.000000000000,1,1,0,2,TAO,USDC,TAOUSDC,0,0.000000000000,0.000000000000,1,1,0,2,EUR,USDC,EURUSDC,0,0.000000000000,0.000000000000,0,1,0,4,,,,0.000000,0,spot not allowed
PI,EUR,PIEUR,0,0.000000000000,0.000000000000,0,1,0,5,PI,USDC,PIUSDC,0,0.000000000000,0.000000000000,1,1,0,4,EUR,USDC,EURUSDC,0,0.000000000000,0.000000000000,0,1,0,4,,,,0.000000,0,spot not allowed
PI,EUR,PIEUR,0,0.000000000000,0.000000000000,0,1,0,5,PI,USDT,PIUSDT,0,0.000000000000,0.000000000000,1,1,0,5,EUR,USDT,EURUSDT,0,0.000000000000,0.000000000000,0,1,0,4,,,,0.000000,0,spot not allowed
TON,EUR,TONEUR,0,0.000000000000,0.000000000000,0,1,0,3,TON,USDT,TONUSDT,0,0.000000000000,0.000000000000,1,1,0,3,EUR,USDT,EURUSDT,0,0.000000000000,0.000000000000,0,1,0,4,,,,0.000000,0,spot not allowed
TON,EUR,TONEUR,0,0.000000000000,0.000000000000,0,1,0,3,TON,USDC,TONUSDC,0,0.000000000000,0.000000000000,1,1,0,3,EUR,USDC,EURUSDC,0,0.000000000000,0.000000000000,0,1,0,4,,,,0.000000,0,spot not allowed
MX,EUR,MXEUR,0,0.000000000000,0.000000000000,0,1,0,4,MX,USDT,MXUSDT,0,0.000000000000,0.000000000000,1,1,0,4,EUR,USDT,EURUSDT,0,0.000000000000,0.000000000000,0,1,0,4,,,,0.000000,0,spot not allowed
MX,EUR,MXEUR,0,0.000000000000,0.000000000000,0,1,0,4,MX,USDC,MXUSDC,0,0.000000000000,0.000000000000,1,0,0,3,EUR,USDC,EURUSDC,0,0.000000000000,0.000000000000,0,1,0,4,,,,0.000000,0,spot not allowed
ULTIMA,EUR,ULTIMAEUR,0,0.000000000000,0.000000000000,0,1,0,2,ULTIMA,USDT,ULTIMAUSDT,0,0.000000000000,0.000000000000,1,1,0,2,EUR,USDT,EURUSDT,0,0.000000000000,0.000000000000,0,1,0,4,,,,0.000000,0,spot not allowed
ULTIMA,EUR,ULTIMAEUR,0,0.000000000000,0.000000000000,0,1,0,2,ULTIMA,USDC,ULTIMAUSDC,0,0.000000000000,0.000000000000,1,1,0,2,EUR,USDC,EURUSDC,0,0.000000000000,0.000000000000,0,1,0,4,,,,0.000000,0,spot not allowed
MELANIA,EUR,MELANIAEUR,0,0.000000000000,0.000000000000,0,1,0,5,MELANIA,USDT,MELANIAUSDT,0,0.000000000000,0.000000000000,1,1,0,5,EUR,USDT,EURUSDT,0,0.000000000000,0.000000000000,0,1,0,4,,,,0.000000,0,spot not allowed
MELANIA,EUR,MELANIAEUR,0,0.000000000000,0.000000000000,0,1,0,5,MELANIA,USDC,MELANIAUSDC,0,0.000000000000,0.000000000000,1,1,0,4,EUR,USDC,EURUSDC,0,0.000000000000,0.000000000000,0,1,0,4,,,,0.000000,0,spot not allowed
RIO,EUR,RIOEUR,0,0.000000000000,0.000000000000,1,1,0,4,RIO,USDT,RIOUSDT,0,0.000000000000,0.000000000000,1,1,0,4,EUR,USDT,EURUSDT,0,0.000000000000,0.000000000000,0,1,0,4,,,,0.000000,0,spot not allowed
RIO,EUR,RIOEUR,0,0.000000000000,0.000000000000,1,1,0,4,RIO,USDC,RIOUSDC,0,0.000000000000,0.000000000000,1,1,0,4,EUR,USDC,EURUSDC,0,0.000000000000,0.000000000000,0,1,0,4,,,,0.000000,0,spot not allowed
EUR,USDT,EURUSDT,0,0.000000000000,0.000000000000,0,1,0,4,XRP,USDT,XRPUSDT,0,0.000000000000,0.000000000000,1,1,0,4,XRP,EUR,XRPEUR,0,0.000000000000,0.000000000000,1,1,0,4,,,,0.000000,0,spot not allowed
EUR,USDT,EURUSDT,0,0.000000000000,0.000000000000,0,1,0,4,WIF,USDT,WIFUSDT,0,0.000000000000,0.000000000000,1,1,0,3,WIF,EUR,WIFEUR,0,0.000000000000,0.000000000000,0,1,0,4,,,,0.000000,0,spot not allowed
LTC,EUR,LTCEUR,0,0.000000000000,0.000000000000,0,1,0,2,LTC,USDT,LTCUSDT,0,0.000000000000,0.000000000000,1,1,0,2,EUR,USDT,EURUSDT,0,0.000000000000,0.000000000000,0,1,0,4,,,,0.000000,0,spot not allowed
LTC,EUR,LTCEUR,0,0.000000000000,0.000000000000,0,1,0,2,LTC,USDC,LTCUSDC,0,0.000000000000,0.000000000000,1,0,0,2,EUR,USDC,EURUSDC,0,0.000000000000,0.000000000000,0,1,0,4,,,,0.000000,0,spot not allowed
EUR,USDC,EURUSDC,0,0.000000000000,0.000000000000,0,1,0,4,WIF,USDC,WIFUSDC,0,0.000000000000,0.000000000000,0,1,0,4,WIF,EUR,WIFEUR,0,0.000000000000,0.000000000000,0,1,0,4,,,,0.000000,0,spot not allowed
EUR,USDC,EURUSDC,0,0.000000000000,0.000000000000,0,1,0,4,XRP,USDC,XRPUSDC,0,0.000000000000,0.000000000000,1,0,0,4,XRP,EUR,XRPEUR,0,0.000000000000,0.000000000000,1,1,0,4,,,,0.000000,0,spot not allowed
EUR,USDC,EURUSDC,0,0.000000000000,0.000000000000,0,1,0,4,USDC,USDT,USDCUSDT,0,0.000000000000,0.000000000000,1,1,0,4,EUR,USDT,EURUSDT,0,0.000000000000,0.000000000000,0,1,0,4,,,,0.000000,0,spot not allowed
SOL,EUR,SOLEUR,0,0.000000000000,0.000000000000,0,1,0,2,SOL,USDT,SOLUSDT,0,0.000000000000,0.000000000000,1,1,0,2,EUR,USDT,EURUSDT,0,0.000000000000,0.000000000000,0,1,0,4,,,,0.000000,0,spot not allowed
SOL,EUR,SOLEUR,0,0.000000000000,0.000000000000,0,1,0,2,SOL,USDC,SOLUSDC,0,0.000000000000,0.000000000000,1,0,0,2,EUR,USDC,EURUSDC,0,0.000000000000,0.000000000000,0,1,0,4,,,,0.000000,0,spot not allowed
LINK,EUR,LINKEUR,0,0.000000000000,0.000000000000,0,1,0,2,LINK,USDT,LINKUSDT,0,0.000000000000,0.000000000000,1,1,0,2,EUR,USDT,EURUSDT,0,0.000000000000,0.000000000000,0,1,0,4,,,,0.000000,0,spot not allowed
LINK,EUR,LINKEUR,0,0.000000000000,0.000000000000,0,1,0,2,LINK,USDC,LINKUSDC,0,0.000000000000,0.000000000000,1,1,0,2,EUR,USDC,EURUSDC,0,0.000000000000,0.000000000000,0,1,0,4,,,,0.000000,0,spot not allowed
TRUMP,EUR,TRUMPEUR,0,0.000000000000,0.000000000000,0,1,0,3,TRUMP,USDT,TRUMPUSDT,0,0.000000000000,0.000000000000,1,1,0,3,EUR,USDT,EURUSDT,0,0.000000000000,0.000000000000,0,1,0,4,,,,0.000000,0,spot not allowed
TRUMP,EUR,TRUMPEUR,0,0.000000000000,0.000000000000,0,1,0,3,TRUMP,USDC,TRUMPUSDC,0,0.000000000000,0.000000000000,1,1,0,3,EUR,USDC,EURUSDC,0,0.000000000000,0.000000000000,0,1,0,4,,,,0.000000,0,spot not allowed
PEPE,EUR,PEPEEUR,0,0.000000000000,0.000000000000,1,1,0,9,PEPE,USDT,PEPEUSDT,0,0.000000000000,0.000000000000,1,1,0,9,EUR,USDT,EURUSDT,0,0.000000000000,0.000000000000,0,1,0,4,,,,0.000000,0,spot not allowed
PEPE,EUR,PEPEEUR,0,0.000000000000,0.000000000000,1,1,0,9,PEPE,USDC,PEPEUSDC,0,0.000000000000,0.000000000000,1,1,0,9,EUR,USDC,EURUSDC,0,0.000000000000,0.000000000000,0,1,0,4,,,,0.000000,0,spot not allowed
FF,USDF,FFUSDF,0,0.000000000000,0.000000000000,0,1,0,5,USDF,USDT,USDFUSDT,0,0.000000000000,0.000000000000,1,1,0,4,FF,USDT,FFUSDT,0,0.000000000000,0.000000000000,1,1,0,5,,,,0.000000,0,spot not allowed
FHE,USDC,FHEUSDC,0,0.000000000000,0.000000000000,0,1,0,5,USDC,USDT,USDCUSDT,0,0.000000000000,0.000000000000,1,1,0,4,FHE,USDT,FHEUSDT,0,0.000000000000,0.000000000000,1,1,0,5,,,,0.000000,0,spot not allowed
FIL,USDC,FILUSDC,0,0.000000000000,0.000000000000,1,0,0,3,USDC,USDT,USDCUSDT,0,0.000000000000,0.000000000000,1,1,0,4,FIL,USDT,FILUSDT,0,0.000000000000,0.000000000000,1,1,0,3,,,,0.000000,0,market not allowed
FLK,USDC,FLKUSDC,0,0.000000000000,0.000000000000,0,1,0,5,USDC,USDT,USDCUSDT,0,0.000000000000,0.000000000000,1,1,0,4,FLK,USDT,FLKUSDT,0,0.000000000000,0.000000000000,1,1,0,5,,,,0.000000,0,spot not allowed
FLOCK,USDC,FLOCKUSDC,0,0.000000000000,0.000000000000,0,1,0,5,USDC,USDT,USDCUSDT,0,0.000000000000,0.000000000000,1,1,0,4,FLOCK,USDT,FLOCKUSDT,0,0.000000000000,0.000000000000,1,1,0,5,,,,0.000000,0,spot not allowed
FLOKI,USDC,FLOKIUSDC,0,0.000000000000,0.000000000000,0,1,0,8,USDC,USDT,USDCUSDT,0,0.000000000000,0.000000000000,1,1,0,4,FLOKI,USDT,FLOKIUSDT,0,0.000000000000,0.000000000000,1,1,0,8,,,,0.000000,0,spot not allowed
FTT,USDC,FTTUSDC,0,0.000000000000,0.000000000000,1,0,0,4,USDC,USDT,USDCUSDT,0,0.000000000000,0.000000000000,1,1,0,4,FTT,USDT,FTTUSDT,0,0.000000000000,0.000000000000,1,1,0,4,,,,0.000000,0,market not allowed
GAIB,USDC,GAIBUSDC,0,0.000000000000,0.000000000000,0,1,0,5,USDC,USDT,USDCUSDT,0,0.000000000000,0.000000000000,1,1,0,4,GAIB,USDT,GAIBUSDT,0,0.000000000000,0.000000000000,1,1,0,5,,,,0.000000,0,spot not allowed
GHIBLI,USDC,GHIBLIUSDC,0,0.000000000000,0.000000000000,0,1,0,7,USDC,USDT,USDCUSDT,0,0.000000000000,0.000000000000,1,1,0,4,GHIBLI,USDT,GHIBLIUSDT,0,0.000000000000,0.000000000000,1,1,0,7,,,,0.000000,0,spot not allowed
GIGGLE,USDC,GIGGLEUSDC,0,0.000000000000,0.000000000000,0,1,0,2,USDC,USDT,USDCUSDT,0,0.000000000000,0.000000000000,1,1,0,4,GIGGLE,USDT,GIGGLEUSDT,0,0.000000000000,0.000000000000,1,1,0,2,,,,0.000000,0,spot not allowed
GRIFFAIN,USDC,GRIFFAINUSDC,0,0.000000000000,0.000000000000,0,1,0,5,USDC,USDT,USDCUSDT,0,0.000000000000,0.000000000000,1,1,0,4,GRIFFAIN,USDT,GRIFFAINUSDT,0,0.000000000000,0.000000000000,1,1,0,5,,,,0.000000,0,spot not allowed
GUN,USDC,GUNUSDC,0,0.000000000000,0.000000000000,0,1,0,5,USDC,USDT,USDCUSDT,0,0.000000000000,0.000000000000,1,1,0,4,GUN,USDT,GUNUSDT,0,0.000000000000,0.000000000000,1,1,0,5,,,,0.000000,0,spot not allowed
H,USDC,HUSDC,0,0.000000000000,0.000000000000,0,1,0,5,USDC,USDT,USDCUSDT,0,0.000000000000,0.000000000000,1,1,0,4,H,USDT,HUSDT,0,0.000000000000,0.000000000000,1,1,0,5,,,,0.000000,0,spot not allowed
HEMI,USDC,HEMIUSDC,0,0.000000000000,0.000000000000,0,1,0,5,USDC,USDT,USDCUSDT,0,0.000000000000,0.000000000000,1,1,0,4,HEMI,USDT,HEMIUSDT,0,0.000000000000,0.000000000000,1,1,0,5,,,,0.000000,0,spot not allowed
HOLO,USDC,HOLOUSDC,0,0.000000000000,0.000000000000,0,1,0,5,USDC,USDT,USDCUSDT,0,0.000000000000,0.000000000000,1,1,0,4,HOLO,USDT,HOLOUSDT,0,0.000000000000,0.000000000000,1,1,0,5,,,,0.000000,0,spot not allowed
HOME,USDC,HOMEUSDC,0,0.000000000000,0.000000000000,0,1,0,5,USDC,USDT,USDCUSDT,0,0.000000000000,0.000000000000,1,1,0,4,HOME,USDT,HOMEUSDT,0,0.000000000000,0.000000000000,1,1,0,5,,,,0.000000,0,spot not allowed
HUMA,USDC,HUMAUSDC,0,0.000000000000,0.000000000000,0,1,0,5,USDC,USDT,USDCUSDT,0,0.000000000000,0.000000000000,1,1,0,4,HUMA,USDT,HUMAUSDT,0,0.000000000000,0.000000000000,1,1,0,5,,,,0.000000,0,spot not allowed
HYPE,USDC,HYPEUSDC,0,0.000000000000,0.000000000000,0,1,0,2,USDC,USDT,USDCUSDT,0,0.000000000000,0.000000000000,1,1,0,4,HYPE,USDT,HYPEUSDT,0,0.000000000000,0.000000000000,1,1,0,2,,,,0.000000,0,spot not allowed
HYPER,USDC,HYPERUSDC,0,0.000000000000,0.000000000000,0,1,0,5,USDC,USDT,USDCUSDT,0,0.000000000000,0.000000000000,1,1,0,4,HYPER,USDT,HYPERUSDT,0,0.000000000000,0.000000000000,1,1,0,5,,,,0.000000,0,spot not allowed
IDEX,USDC,IDEXUSDC,0,0.000000000000,0.000000000000,0,1,0,5,USDC,USDT,USDCUSDT,0,0.000000000000,0.000000000000,1,1,0,4,IDEX,USDT,IDEXUSDT,0,0.000000000000,0.000000000000,1,1,0,5,,,,0.000000,0,spot not allowed
IDOL,USDC,IDOLUSDC,0,0.000000000000,0.000000000000,0,1,0,5,USDC,USDT,USDCUSDT,0,0.000000000000,0.000000000000,1,1,0,4,IDOL,USDT,IDOLUSDT,0,0.000000000000,0.000000000000,1,1,0,5,,,,0.000000,0,spot not allowed
INIT,USDC,INITUSDC,0,0.000000000000,0.000000000000,0,1,0,5,USDC,USDT,USDCUSDT,0,0.000000000000,0.000000000000,1,1,0,4,INIT,USDT,INITUSDT,0,0.000000000000,0.000000000000,1,1,0,5,,,,0.000000,0,spot not allowed
IP,USDC,IPUSDC,0,0.000000000000,0.000000000000,0,1,0,3,USDC,USDT,USDCUSDT,0,0.000000000000,0.000000000000,1,1,0,4,IP,USDT,IPUSDT,0,0.000000000000,0.000000000000,1,1,0,3,,,,0.000000,0,spot not allowed
IRYS,USDC,IRYSUSDC,0,0.000000000000,0.000000000000,0,1,0,5,USDC,USDT,USDCUSDT,0,0.000000000000,0.000000000000,1,1,0,4,IRYS,USDT,IRYSUSDT,0,0.000000000000,0.000000000000,1,1,0,5,,,,0.000000,0,spot not allowed
JASMY,USDC,JASMYUSDC,0,0.000000000000,0.000000000000,1,0,0,6,USDC,USDT,USDCUSDT,0,0.000000000000,0.000000000000,1,1,0,4,JASMY,USDT,JASMYUSDT,0,0.000000000000,0.000000000000,1,1,0,6,,,,0.000000,0,market not allowed
KAIA,USDC,KAIAUSDC,0,0.000000000000,0.000000000000,1,0,0,5,USDC,USDT,USDCUSDT,0,0.000000000000,0.000000000000,1,1,0,4,KAIA,USDT,KAIAUSDT,0,0.000000000000,0.000000000000,0,1,0,5,,,,0.000000,0,spot not allowed
KAS,USD1,KASUSD1,0,0.000000000000,0.000000000000,0,1,0,6,USD1,USDT,USD1USDT,0,0.000000000000,0.000000000000,1,1,0,4,KAS,USDT,KASUSDT,0,0.000000000000,0.000000000000,1,1,0,6,,,,0.000000,0,spot not allowed
KAS,USDE,KASUSDE,0,0.000000000000,0.000000000000,0,1,0,6,USDE,USDT,USDEUSDT,0,0.000000000000,0.000000000000,0,1,0,4,KAS,USDT,KASUSDT,0,0.000000000000,0.000000000000,1,1,0,6,,,,0.000000,0,spot not allowed
KERNEL,USDC,KERNELUSDC,0,0.000000000000,0.000000000000,0,1,0,5,USDC,USDT,USDCUSDT,0,0.000000000000,0.000000000000,1,1,0,4,KERNEL,USDT,KERNELUSDT,0,0.000000000000,0.000000000000,1,1,0,5,,,,0.000000,0,spot not allowed
KILO,USDC,KILOUSDC,0,0.000000000000,0.000000000000,0,1,0,5,USDC,USDT,USDCUSDT,0,0.000000000000,0.000000000000,1,1,0,4,KILO,USDT,KILOUSDT,0,0.000000000000,0.000000000000,1,1,0,5,,,,0.000000,0,spot not allowed
KITE,USDC,KITEUSDC,0,0.000000000000,0.000000000000,0,1,0,5,USDC,USDT,USDCUSDT,0,0.000000000000,0.000000000000,1,1,0,4,KITE,USDT,KITEUSDT,0,0.000000000000,0.000000000000,1,1,0,5,,,,0.000000,0,spot not allowed
LA,USD1,LAUSD1,0,0.000000000000,0.000000000000,0,1,0,5,USD1,USDT,USD1USDT,0,0.000000000000,0.000000000000,1,1,0,4,LA,USDT,LAUSDT,0,0.000000000000,0.000000000000,1,1,0,5,,,,0.000000,0,spot not allowed
LA,USDC,LAUSDC,0,0.000000000000,0.000000000000,0,1,0,4,USDC,USDT,USDCUSDT,0,0.000000000000,0.000000000000,1,1,0,4,LA,USDT,LAUSDT,0,0.000000000000,0.000000000000,1,1,0,5,,,,0.000000,0,spot not allowed
LBTC,USDC,LBTCUSDC,0,0.000000000000,0.000000000000,0,1,0,2,USDC,USDT,USDCUSDT,0,0.000000000000,0.000000000000,1,1,0,4,LBTC,USDT,LBTCUSDT,0,0.000000000000,0.000000000000,1,1,0,2,,,,0.000000,0,spot not allowed
LDO,USDC,LDOUSDC,0,0.000000000000,0.000000000000,0,1,0,4,USDC,USDT,USDCUSDT,0,0.000000000000,0.000000000000,1,1,0,4,LDO,USDT,LDOUSDT,0,0.000000000000,0.000000000000,1,1,0,4,,,,0.000000,0,spot not allowed
LINEA,USDC,LINEAUSDC,0,0.000000000000,0.000000000000,0,1,0,6,USDC,USDT,USDCUSDT,0,0.000000000000,0.000000000000,1,1,0,4,LINEA,USDT,LINEAUSDT,0,0.000000000000,0.000000000000,1,1,0,6,,,,0.000000,0,spot not allowed
LOT,USDC,LOTUSDC,0,0.000000000000,0.000000000000,0,1,0,5,USDC,USDT,USDCUSDT,0,0.000000000000,0.000000000000,1,1,0,4,LOT,USDT,LOTUSDT,0,0.000000000000,0.000000000000,1,1,0,5,,,,0.000000,0,spot not allowed
LTC,USDC,LTCUSDC,0,0.000000000000,0.000000000000,1,0,0,2,USDC,USDT,USDCUSDT,0,0.000000000000,0.000000000000,1,1,0,4,LTC,USDT,LTCUSDT,0,0.000000000000,0.000000000000,1,1,0,2,,,,0.000000,0,market not allowed
LUNC,USDC,LUNCUSDC,0,0.000000000000,0.000000000000,1,0,0,8,USDC,USDT,USDCUSDT,0,0.000000000000,0.000000000000,1,1,0,4,LUNC,USDT,LUNCUSDT,0,0.000000000000,0.000000000000,1,1,0,8,,,,0.000000,0,market not allowed
MELANIA,USD1,MELANIAUSD1,0,0.000000000000,0.000000000000,0,1,0,5,USD1,USDT,USD1USDT,0,0.000000000000,0.000000000000,1,1,0,4,MELANIA,USDT,MELANIAUSDT,0,0.000000000000,0.000000000000,1,1,0,5,,,,0.000000,0,spot not allowed
MET,USDC,METUSDC,0,0.000000000000,0.000000000000,0,1,0,4,USDC,USDT,USDCUSDT,0,0.000000000000,0.000000000000,1,1,0,4,MET,USDT,METUSDT,0,0.000000000000,0.000000000000,1,1,0,4,,,,0.000000,0,spot not allowed
MILK,USDC,MILKUSDC,0,0.000000000000,0.000000000000,0,1,0,6,USDC,USDT,USDCUSDT,0,0.000000000000,0.000000000000,1,1,0,4,MILK,USDT,MILKUSDT,0,0.000000000000,0.000000000000,1,1,0,6,,,,0.000000,0,spot not allowed
MINA,USDC,MINAUSDC,0,0.000000000000,0.000000000000,1,0,0,5,USDC,USDT,USDCUSDT,0,0.000000000000,0.000000000000,1,1,0,4,MINA,USDT,MINAUSDT,0,0.000000000000,0.000000000000,1,1,0,5,,,,0.000000,0,market not allowed
MIRA,USDC,MIRAUSDC,0,0.000000000000,0.000000000000,0,1,0,4,USDC,USDT,USDCUSDT,0,0.000000000000,0.000000000000,1,1,0,4,MIRA,USDT,MIRAUSDT,0,0.000000000000,0.000000000000,1,1,0,4,,,,0.000000,0,spot not allowed
MNT,USDC,MNTUSDC,0,0.000000000000,0.000000000000,0,1,0,4,USDC,USDT,USDCUSDT,0,0.000000000000,0.000000000000,1,1,0,4,MNT,USDT,MNTUSDT,0,0.000000000000,0.000000000000,1,1,0,4,,,,0.000000,0,spot not allowed
MON,USDC,MONUSDC,0,0.000000000000,0.000000000000,0,1,0,5,USDC,USDT,USDCUSDT,0,0.000000000000,0.000000000000,1,1,0,4,MON,USDT,MONUSDT,0,0.000000000000,0.000000000000,1,1,0,5,,,,0.000000,0,spot not allowed
MOONPIG,USDC,MOONPIGUSDC,0,0.000000000000,0.000000000000,0,0,0,0,USDC,USDT,USDCUSDT,0,0.000000000000,0.000000000000,1,1,0,4,MOONPIG,USDT,MOONPIGUSDT,0,0.000000000000,0.000000000000,1,1,0,7,,,,0.000000,0,missing rules
MORE,USDC,MOREUSDC,0,0.000000000000,0.000000000000,0,1,0,6,USDC,USDT,USDCUSDT,0,0.000000000000,0.000000000000,1,1,0,4,MORE,USDT,MOREUSDT,0,0.000000000000,0.000000000000,1,1,0,6,,,,0.000000,0,spot not allowed
MUBARAK,USDC,MUBARAKUSDC,0,0.000000000000,0.000000000000,0,1,0,6,USDC,USDT,USDCUSDT,0,0.000000000000,0.000000000000,1,1,0,4,MUBARAK,USDT,MUBARAKUSDT,0,0.000000000000,0.000000000000,1,1,0,6,,,,0.000000,0,spot not allowed
MX,USDC,MXUSDC,0,0.000000000000,0.000000000000,1,0,0,3,USDC,USDT,USDCUSDT,0,0.000000000000,0.000000000000,1,1,0,4,MX,USDT,MXUSDT,0,0.000000000000,0.000000000000,1,1,0,4,,,,0.000000,0,market not allowed
MYX,USDC,MYXUSDC,0,0.000000000000,0.000000000000,0,1,0,3,USDC,USDT,USDCUSDT,0,0.000000000000,0.000000000000,1,1,0,4,MYX,USDT,MYXUSDT,0,0.000000000000,0.000000000000,1,1,0,5,,,,0.000000,0,spot not allowed
NEAR,USDC,NEARUSDC,0,0.000000000000,0.000000000000,1,0,0,3,USDC,USDT,USDCUSDT,0,0.000000000000,0.000000000000,1,1,0,4,NEAR,USDT,NEARUSDT,0,0.000000000000,0.000000000000,1,1,0,3,,,,0.000000,0,market not allowed
NEO,USDC,NEOUSDC,0,0.000000000000,0.000000000000,0,1,0,3,USDC,USDT,USDCUSDT,0,0.000000000000,0.000000000000,1,1,0,4,NEO,USDT,NEOUSDT,0,0.000000000000,0.000000000000,1,1,0,3,,,,0.000000,0,spot not allowed
NEWT,USDC,NEWTUSDC,0,0.000000000000,0.000000000000,0,1,0,4,USDC,USDT,USDCUSDT,0,0.000000000000,0.000000000000,1,1,0,4,NEWT,USDT,NEWTUSDT,0,0.000000000000,0.000000000000,1,1,0,4,,,,0.000000,0,spot not allowed
NIL,USDC,NILUSDC,0,0.000000000000,0.000000000000,0,1,0,5,USDC,USDT,USDCUSDT,0,0.000000000000,0.000000000000,1,1,0,4,NIL,USDT,NILUSDT,0,0.000000000000,0.000000000000,1,1,0,5,,,,0.000000,0,spot not allowed
NODE,USDC,NODEUSDC,0,0.000000000000,0.000000000000,0,1,0,5,USDC,USDT,USDCUSDT,0,0.000000000000,0.000000000000,1,1,0,4,NODE,USDT,NODEUSDT,0,0.000000000000,0.000000000000,1,1,0,5,,,,0.000000,0,spot not allowed
NXPC,USDC,NXPCUSDC,0,0.000000000000,0.000000000000,0,1,0,4,USDC,USDT,USDCUSDT,0,0.000000000000,0.000000000000,1,1,0,4,NXPC,USDT,NXPCUSDT,0,0.000000000000,0.000000000000,1,1,0,4,,,,0.000000,0,spot not allowed
OBOL,USDC,OBOLUSDC,0,0.000000000000,0.000000000000,0,1,0,5,USDC,USDT,USDCUSDT,0,0.000000000000,0.000000000000,1,1,0,4,OBOL,USDT,OBOLUSDT,0,0.000000000000,0.000000000000,1,1,0,5,,,,0.000000,0,spot not allowed
OBT,USDC,OBTUSDC,0,0.000000000000,0.000000000000,0,1,0,6,USDC,USDT,USDCUSDT,0,0.000000000000,0.000000000000,1,1,0,4,OBT,USDT,OBTUSDT,0,0.000000000000,0.000000000000,1,1,0,6,,,,0.000000,0,spot not allowed
OM,USDC,OMUSDC,0,0.000000000000,0.000000000000,0,1,0,5,USDC,USDT,USDCUSDT,0,0.000000000000,0.000000000000,1,1,0,4,OM,USDT,OMUSDT,0,0.000000000000,0.000000000000,1,1,0,5,,,,0.000000,0,spot not allowed
OMI,USDC,OMIUSDC,0,0.000000000000,0.000000000000,0,1,0,7,USDC,USDT,USDCUSDT,0,0.000000000000,0.000000000000,1,1,0,4,OMI,USDT,OMIUSDT,0,0.000000000000,0.000000000000,1,1,0,7,,,,0.000000,0,spot not allowed
OP,USDC,OPUSDC,0,0.000000000000,0.000000000000,1,0,0,4,USDC,USDT,USDCUSDT,0,0.000000000000,0.000000000000,1,1,0,4,OP,USDT,OPUSDT,0,0.000000000000,0.000000000000,1,1,0,4,,,,0.000000,0,market not allowed
OPEN,USDC,OPENUSDC,0,0.000000000000,0.000000000000,0,1,0,4,USDC,USDT,USDCUSDT,0,0.000000000000,0.000000000000,1,1,0,4,OPEN,USDT,OPENUSDT,0,0.000000000000,0.000000000000,1,1,0,5,,,,0.000000,0,spot not allowed
ORCA,USDC,ORCAUSDC,0,0.000000000000,0.000000000000,0,1,0,3,USDC,USDT,USDCUSDT,0,0.000000000000,0.000000000000,1,1,0,4,ORCA,USDT,ORCAUSDT,0,0.000000000000,0.000000000000,1,1,0,3,,,,0.000000,0,spot not allowed
PARTI,USDC,PARTIUSDC,0,0.000000000000,0.000000000000,0,1,0,5,USDC,USDT,USDCUSDT,0,0.000000000000,0.000000000000,1,1,0,4,PARTI,USDT,PARTIUSDT,0,0.000000000000,0.000000000000,1,1,0,5,,,,0.000000,0,spot not allowed
PAXG,USDC,PAXGUSDC,0,0.000000000000,0.000000000000,0,0,0,2,USDC,USDT,USDCUSDT,0,0.000000000000,0.000000000000,1,1,0,4,PAXG,USDT,PAXGUSDT,0,0.000000000000,0.000000000000,1,1,0,2,,,,0.000000,0,spot not allowed
PENDLE,USDC,PENDLEUSDC,0,0.000000000000,0.000000000000,0,1,0,3,USDC,USDT,USDCUSDT,0,0.000000000000,0.000000000000,1,1,0,4,PENDLE,USDT,PENDLEUSDT,0,0.000000000000,0.000000000000,1,1,0,3,,,,0.000000,0,spot not allowed
PEPE,USDE,PEPEUSDE,0,0.000000000000,0.000000000000,0,1,0,9,USDE,USDT,USDEUSDT,0,0.000000000000,0.000000000000,0,1,0,4,PEPE,USDT,PEPEUSDT,0,0.000000000000,0.000000000000,1,1,0,9,,,,0.000000,0,spot not allowed
PI,USD1,PIUSD1,0,0.000000000000,0.000000000000,0,1,0,5,USD1,USDT,USD1USDT,0,0.000000000000,0.000000000000,1,1,0,4,PI,USDT,PIUSDT,0,0.000000000000,0.000000000000,1,1,0,5,,,,0.000000,0,spot not allowed
PI,USDE,PIUSDE,0,0.000000000000,0.000000000000,0,1,0,5,USDE,USDT,USDEUSDT,0,0.000000000000,0.000000000000,0,1,0,4,PI,USDT,PIUSDT,0,0.000000000000,0.000000000000,1,1,0,5,,,,0.000000,0,spot not allowed
PLUME,USDC,PLUMEUSDC,0,0.000000000000,0.000000000000,0,1,0,5,USDC,USDT,USDCUSDT,0,0.000000000000,0.000000000000,1,1,0,4,PLUME,USDT,PLUMEUSDT,0,0.000000000000,0.000000000000,1,1,0,5,,,,0.000000,0,spot not allowed
PNUT,USDC,PNUTUSDC,0,0.000000000000,0.000000000000,0,1,0,5,USDC,USDT,USDCUSDT,0,0.000000000000,0.000000000000,1,1,0,4,PNUT,USDT,PNUTUSDT,0,0.000000000000,0.000000000000,1,1,0,5,,,,0.000000,0,spot not allowed
POL,USDC,POLUSDC,0,0.000000000000,0.000000000000,0,1,0,4,USDC,USDT,USDCUSDT,0,0.000000000000,0.000000000000,1,1,0,4,POL,USDT,POLUSDT,0,0.000000000000,0.000000000000,1,1,0,4,,,,0.000000,0,spot not allowed
POPCAT,USDC,POPCATUSDC,0,0.000000000000,0.000000000000,0,1,0,5,USDC,USDT,USDCUSDT,0,0.000000000000,0.000000000000,1,1,0,4,POPCAT,USDT,POPCATUSDT,0,0.000000000000,0.000000000000,1,1,0,5,,,,0.000000,0,spot not allowed
PRAI,USDC,PRAIUSDC,0,0.000000000000,0.000000000000,0,1,0,6,USDC,USDT,USDCUSDT,0,0.000000000000,0.000000000000,1,1,0,4,PRAI,USDT,PRAIUSDT,0,0.000000000000,0.000000000000,1,1,0,6,,,,0.000000,0,spot not allowed
PROMPT,USDC,PROMPTUSDC,0,0.000000000000,0.000000000000,0,1,0,5,USDC,USDT,USDCUSDT,0,0.000000000000,0.000000000000,1,1,0,4,PROMPT,USDT,PROMPTUSDT,0,0.000000000000,0.000000000000,1,1,0,5,,,,0.000000,0,spot not allowed
PROVE,USDC,PROVEUSDC,0,0.000000000000,0.000000000000,0,1,0,4,USDC,USDT,USDCUSDT,0,0.000000000000,0.000000000000,1,1,0,4,PROVE,USDT,PROVEUSDT,0,0.000000000000,0.000000000000,1,1,0,4,,,,0.000000,0,spot not allowed
PUMP,USDC,PUMPUSDC,0,0.000000000000,0.000000000000,0,1,0,6,USDC,USDT,USDCUSDT,0,0.000000000000,0.000000000000,1,1,0,4,PUMP,USDT,PUMPUSDT,0,0.000000000000,0.000000000000,1,1,0,6,,,,0.000000,0,spot not allowed
PUMPBTC,USDC,PUMPBTCUSDC,0,0.000000000000,0.000000000000,0,0,0,0,USDC,USDT,USDCUSDT,0,0.000000000000,0.000000000000,1,1,0,4,PUMPBTC,USDT,PUMPBTCUSDT,0,0.000000000000,0.000000000000,1,1,0,5,,,,0.000000,0,missing rules
QNT,USDC,QNTUSDC,0,0.000000000000,0.000000000000,0,1,0,2,USDC,USDT,USDCUSDT,0,0.000000000000,0.000000000000,1,1,0,4,QNT,USDT,QNTUSDT,0,0.000000000000,0.000000000000,1,1,0,2,,,,0.000000,0,spot not allowed
RARE,USDC,RAREUSDC,0,0.000000000000,0.000000000000,0,1,0,5,USDC,USDT,USDCUSDT,0,0.000000000000,0.000000000000,1,1,0,4,RARE,USDT,RAREUSDT,0,0.000000000000,0.000000000000,1,1,0,5,,,,0.000000,0,spot not allowed
RAY,USDC,RAYUSDC,0,0.000000000000,0.000000000000,1,0,0,4,USDC,USDT,USDCUSDT,0,0.000000000000,0.000000000000,1,1,0,4,RAY,USDT,RAYUSDT,0,0.000000000000,0.000000000000,1,1,0,4,,,,0.000000,0,market not allowed
RECALL,USDC,RECALLUSDC,0,0.000000000000,0.000000000000,0,1,0,5,USDC,USDT,USDCUSDT,0,0.000000000000,0.000000000000,1,1,0,4,RECALL,USDT,RECALLUSDT,0,0.000000000000,0.000000000000,1,1,0,5,,,,0.000000,0,spot not allowed
RED,USDC,REDUSDC,0,0.000000000000,0.000000000000,0,1,0,4,USDC,USDT,USDCUSDT,0,0.000000000000,0.000000000000,1,1,0,4,RED,USDT,REDUSDT,0,0.000000000000,0.000000000000,1,1,0,4,,,,0.000000,0,spot not allowed
RENDER,USDC,RENDERUSDC,0,0.000000000000,0.000000000000,0,1,0,3,USDC,USDT,USDCUSDT,0,0.000000000000,0.000000000000,1,1,0,4,RENDER,USDT,RENDERUSDT,0,0.000000000000,0.000000000000,1,1,0,3,,,,0.000000,0,spot not allowed
ROSE,USDC,ROSEUSDC,0,0.000000000000,0.000000000000,0,1,0,5,USDC,USDT,USDCUSDT,0,0.000000000000,0.000000000000,1,1,0,4,ROSE,USDT,ROSEUSDT,0,0.000000000000,0.000000000000,1,1,0,5,,,,0.000000,0,spot not allowed
RUNE,USDC,RUNEUSDC,0,0.000000000000,0.000000000000,0,1,0,4,USDC,USDT,USDCUSDT,0,0.000000000000,0.000000000000,1,1,0,4,RUNE,USDT,RUNEUSDT,0,0.000000000000,0.000000000000,1,1,0,3,,,,0.000000,0,spot not allowed
RWA,USDC,RWAUSDC,0,0.000000000000,0.000000000000,0,1,0,6,USDC,USDT,USDCUSDT,0,0.000000000000,0.000000000000,1,1,0,4,RWA,USDT,RWAUSDT,0,0.000000000000,0.000000000000,1,1,0,6,,,,0.000000,0,spot not allowed
SAHARA,USD1,SAHARAUSD1,0,0.000000000000,0.000000000000,0,1,0,5,USD1,USDT,USD1USDT,0,0.000000000000,0.000000000000,1,1,0,4,SAHARA,USDT,SAHARAUSDT,0,0.000000000000,0.000000000000,1,1,0,5,,,,0.000000,0,spot not allowed
SAHARA,USDC,SAHARAUSDC,0,0.000000000000,0.000000000000,0,1,0,5,USDC,USDT,USDCUSDT,0,0.000000000000,0.000000000000,1,1,0,4,SAHARA,USDT,SAHARAUSDT,0,0.000000000000,0.000000000000,1,1,0,5,,,,0.000000,0,spot not allowed
SAPIEN,USDC,SAPIENUSDC,0,0.000000000000,0.000000000000,0,1,0,4,USDC,USDT,USDCUSDT,0,0.000000000000,0.000000000000,1,1,0,4,SAPIEN,USDT,SAPIENUSDT,0,0.000000000000,0.000000000000,1,1,0,5,,,,0.000000,0,spot not allowed
SEI,USDC,SEIUSDC,0,0.000000000000,0.000000000000,0,1,0,4,USDC,USDT,USDCUSDT,0,0.000000000000,0.000000000000,1,1,0,4,SEI,USDT,SEIUSDT,0,0.000000000000,0.000000000000,1,1,0,4,,,,0.000000,0,spot not allowed
SHIB,USDC,SHIBUSDC,0,0.000000000000,0.000000000000,1,0,0,9,USDC,USDT,USDCUSDT,0,0.000000000000,0.000000000000,1,1,0,4,SHIB,USDT,SHIBUSDT,0,0.000000000000,0.000000000000,1,1,0,9,,,,0.000000,0,market not allowed
SIGN,USDC,SIGNUSDC,0,0.000000000000,0.000000000000,0,1,0,5,USDC,USDT,USDCUSDT,0,0.000000000000,0.000000000000,1,1,0,4,SIGN,USDT,SIGNUSDT,0,0.000000000000,0.000000000000,1,1,0,5,,,,0.000000,0,spot not allowed
SKATE,USDC,SKATEUSDC,0,0.000000000000,0.000000000000,0,1,0,6,USDC,USDT,USDCUSDT,0,0.000000000000,0.000000000000,1,1,0,4,SKATE,USDT,SKATEUSDT,0,0.000000000000,0.000000000000,1,1,0,6,,,,0.000000,0,spot not allowed
SOL,USD1,SOLUSD1,0,0.000000000000,0.000000000000,0,1,0,2,USD1,USDT,USD1USDT,0,0.000000000000,0.000000000000,1,1,0,4,SOL,USDT,SOLUSDT,0,0.000000000000,0.000000000000,1,1,0,2,,,,0.000000,0,spot not allowed
SOL,USDC,SOLUSDC,0,0.000000000000,0.000000000000,1,0,0,2,USDC,USDT,USDCUSDT,0,0.000000000000,0.000000000000,1,1,0,4,SOL,USDT,SOLUSDT,0,0.000000000000,0.000000000000,1,1,0,2,,,,0.000000,0,market not allowed
SOL,USDE,SOLUSDE,0,0.000000000000,0.000000000000,0,1,0,2,USDE,USDT,USDEUSDT,0,0.000000000000,0.000000000000,0,1,0,4,SOL,USDT,SOLUSDT,0,0.000000000000,0.000000000000,1,1,0,2,,,,0.000000,0,spot not allowed
SOMI,USDC,SOMIUSDC,0,0.000000000000,0.000000000000,0,1,0,4,USDC,USDT,USDCUSDT,0,0.000000000000,0.000000000000,1,1,0,4,SOMI,USDT,SOMIUSDT,0,0.000000000000,0.000000000000,1,1,0,4,,,,0.000000,0,spot not allowed
SOON,USDC,SOONUSDC,0,0.000000000000,0.000000000000,0,1,0,4,USDC,USDT,USDCUSDT,0,0.000000000000,0.000000000000,1,1,0,4,SOON,USDT,SOONUSDT,0,0.000000000000,0.000000000000,1,1,0,4,,,,0.000000,0,spot not allowed
SOPH,USDC,SOPHUSDC,0,0.000000000000,0.000000000000,0,0,0,0,USDC,USDT,USDCUSDT,0,0.000000000000,0.000000000000,1,1,0,4,SOPH,USDT,SOPHUSDT,0,0.000000000000,0.000000000000,1,1,0,5,,,,0.000000,0,missing rules
SPK,USDC,SPKUSDC,0,0.000000000000,0.000000000000,0,1,0,5,USDC,USDT,USDCUSDT,0,0.000000000000,0.000000000000,1,1,0,4,SPK,USDT,SPKUSDT,0,0.000000000000,0.000000000000,1,1,0,5,,,,0.000000,0,spot not allowed
SPX,USDC,SPXUSDC,0,0.000000000000,0.000000000000,0,1,0,4,USDC,USDT,USDCUSDT,0,0.000000000000,0.000000000000,1,1,0,4,SPX,USDT,SPXUSDT,0,0.000000000000,0.000000000000,1,1,0,4,,,,0.000000,0,spot not allowed
STABLE,USDC,STABLEUSDC,0,0.000000000000,0.000000000000,0,1,0,5,USDC,USDT,USDCUSDT,0,0.000000000000,0.000000000000,1,1,0,4,STABLE,USDT,STABLEUSDT,0,0.000000000000,0.000000000000,1,1,0,5,,,,0.000000,0,spot not allowed
STO,USDC,STOUSDC,0,0.000000000000,0.000000000000,0,1,0,5,USDC,USDT,USDCUSDT,0,0.000000000000,0.000000000000,1,1,0,4,STO,USDT,STOUSDT,0,0.000000000000,0.000000000000,1,1,0,5,,,,0.000000,0,spot not allowed
SUI,USDE,SUIUSDE,0,0.000000000000,0.000000000000,0,1,0,4,USDE,USDT,USDEUSDT,0,0.000000000000,0.000000000000,0,1,0,4,SUI,USDT,SUIUSDT,0,0.000000000000,0.000000000000,1,1,0,4,,,,0.000000,0,spot not allowed
SXT,USDC,SXTUSDC,0,0.000000000000,0.000000000000,0,1,0,5,USDC,USDT,USDCUSDT,0,0.000000000000,0.000000000000,1,1,0,4,SXT,USDT,SXTUSDT,0,0.000000000000,0.000000000000,1,1,0,5,,,,0.000000,0,spot not allowed
TAG,USD1,TAGUSD1,0,0.000000000000,0.000000000000,0,1,0,7,USD1,USDT,USD1USDT,0,0.000000000000,0.000000000000,1,1,0,4,TAG,USDT,TAGUSDT,0,0.000000000000,0.000000000000,0,1,0,7,,,,0.000000,0,spot not allowed
TIA,USDC,TIAUSDC,0,0.000000000000,0.000000000000,0,1,0,4,USDC,USDT,USDCUSDT,0,0.000000000000,0.000000000000,1,1,0,4,TIA,USDT,TIAUSDT,0,0.000000000000,0.000000000000,1,1,0,4,,,,0.000000,0,spot not allowed
TNSR,USDC,TNSRUSDC,0,0.000000000000,0.000000000000,0,1,0,5,USDC,USDT,USDCUSDT,0,0.000000000000,0.000000000000,1,1,0,4,TNSR,USDT,TNSRUSDT,0,0.000000000000,0.000000000000,1,1,0,5,,,,0.000000,0,spot not allowed
TOWNS,USDC,TOWNSUSDC,0,0.000000000000,0.000000000000,0,1,0,6,USDC,USDT,USDCUSDT,0,0.000000000000,0.000000000000,1,1,0,4,TOWNS,USDT,TOWNSUSDT,0,0.000000000000,0.000000000000,1,1,0,6,,,,0.000000,0,spot not allowed
TREE,USDC,TREEUSDC,0,0.000000000000,0.000000000000,0,1,0,4,USDC,USDT,USDCUSDT,0,0.000000000000,0.000000000000,1,1,0,4,TREE,USDT,TREEUSDT,0,0.000000000000,0.000000000000,1,1,0,4,,,,0.000000,0,spot not allowed
TRUMP,USD1,TRUMPUSD1,0,0.000000000000,0.000000000000,0,1,0,3,USD1,USDT,USD1USDT,0,0.000000000000,0.000000000000,1,1,0,4,TRUMP,USDT,TRUMPUSDT,0,0.000000000000,0.000000000000,1,1,0,3,,,,0.000000,0,spot not allowed
TRX,USDC,TRXUSDC,0,0.000000000000,0.000000000000,1,0,0,4,USDC,USDT,USDCUSDT,0,0.000000000000,0.000000000000,1,1,0,4,TRX,USDT,TRXUSDT,0,0.000000000000,0.000000000000,1,1,0,4,,,,0.000000,0,market not allowed
TRX,USDE,TRXUSDE,0,0.000000000000,0.000000000000,0,1,0,4,USDE,USDT,USDEUSDT,0,0.000000000000,0.000000000000,0,1,0,4,TRX,USDT,TRXUSDT,0,0.000000000000,0.000000000000,1,1,0,4,,,,0.000000,0,spot not allowed
ULTIMA,USDE,ULTIMAUSDE,0,0.000000000000,0.000000000000,0,1,0,2,USDE,USDT,USDEUSDT,0,0.000000000000,0.000000000000,0,1,0,4,ULTIMA,USDT,ULTIMAUSDT,0,0.000000000000,0.000000000000,1,1,0,2,,,,0.000000,0,spot not allowed
UNI,USDC,UNIUSDC,0,0.000000000000,0.000000000000,1,0,0,3,USDC,USDT,USDCUSDT,0,0.000000000000,0.000000000000,1,1,0,4,UNI,USDT,UNIUSDT,0,0.000000000000,0.000000000000,1,1,0,3,,,,0.000000,0,market not allowed
USD1,USDT,USD1USDT,0,0.000000000000,0.000000000000,1,1,0,4,XRP,USDT,XRPUSDT,0,0.000000000000,0.000000000000,1,1,0,4,XRP,USD1,XRPUSD1,0,0.000000000000,0.000000000000,0,1,0,4,,,,0.000000,0,spot not allowed
USD1,USDT,USD1USDT,0,0.000000000000,0.000000000000,1,1,0,4,WLFI,USDT,WLFIUSDT,0,0.000000000000,0.000000000000,1,1,0,4,WLFI,USD1,WLFIUSD1,0,0.000000000000,0.000000000000,0,1,0,4,,,,0.000000,0,spot not allowed
USDC,USDT,USDCUSDT,0,0.000000000000,0.000000000000,1,1,0,4,WAL,USDT,WALUSDT,0,0.000000000000,0.000000000000,1,1,0,4,WAL,USDC,WALUSDC,0,0.000000000000,0.000000000000,0,1,0,4,,,,0.000000,0,spot not allowed
USDC,USDT,USDCUSDT,0,0.000000000000,0.000000000000,1,1,0,4,ZBT,USDT,ZBTUSDT,0,0.000000000000,0.000000000000,1,1,0,5,ZBT,USDC,ZBTUSDC,0,0.000000000000,0.000000000000,0,1,0,5,,,,0.000000,0,spot not allowed
USDC,USDT,USDCUSDT,0,0.000000000000,0.000000000000,1,1,0,4,XVG,USDT,XVGUSDT,0,0.000000000000,0.000000000000,1,1,0,6,XVG,USDC,XVGUSDC,0,0.000000000000,0.000000000000,0,1,0,6,,,,0.000000,0,spot not allowed
USDC,USDT,USDCUSDT,0,0.000000000000,0.000000000000,1,1,0,4,WBTC,USDT,WBTCUSDT,0,0.000000000000,0.000000000000,1,1,0,2,WBTC,USDC,WBTCUSDC,0,0.000000000000,0.000000000000,1,0,0,1,,,,0.000000,0,market not allowed
USDC,USDT,USDCUSDT,0,0.000000000000,0.000000000000,1,1,0,4,WLD,USDT,WLDUSDT,0,0.000000000000,0.000000000000,1,1,0,4,WLD,USDC,WLDUSDC,0,0.000000000000,0.000000000000,0,1,0,4,,,,0.000000,0,spot not allowed
USDC,USDT,USDCUSDT,0,0.000000000000,0.000000000000,1,1,0,4,ZEC,USDT,ZECUSDT,0,0.000000000000,0.000000000000,1,1,0,2,ZEC,USDC,ZECUSDC,0,0.000000000000,0.000000000000,0,1,0,2,,,,0.000000,0,spot not allowed
USDC,USDT,USDCUSDT,0,0.000000000000,0.000000000000,1,1,0,4,VELVET,USDT,VELVETUSDT,0,0.000000000000,0.000000000000,1,1,0,5,VELVET,USDC,VELVETUSDC,0,0.000000000000,0.000000000000,0,1,0,5,,,,0.000000,0,spot not allowed
USDC,USDT,USDCUSDT,0,0.000000000000,0.000000000000,1,1,0,4,WIF,USDT,WIFUSDT,0,0.000000000000,0.000000000000,1,1,0,3,WIF,USDC,WIFUSDC,0,0.000000000000,0.000000000000,0,1,0,4,,,,0.000000,0,spot not allowed
USDC,USDT,USDCUSDT,0,0.000000000000,0.000000000000,1,1,0,4,ZKC,USDT,ZKCUSDT,0,0.000000000000,0.000000000000,1,1,0,4,ZKC,USDC,ZKCUSDC,0,0.000000000000,0.000000000000,0,1,0,4,,,,0.000000,0,spot not allowed
USDC,USDT,USDCUSDT,0,0.000000000000,0.000000000000,1,1,0,4,ZRO,USDT,ZROUSDT,0,0.000000000000,0.000000000000,1,1,0,3,ZRO,USDC,ZROUSDC,0,0.000000000000,0.000000000000,0,1,0,3,,,,0.000000,0,spot not allowed
USDC,USDT,USDCUSDT,0,0.000000000000,0.000000000000,1,1,0,4,ZORA,USDT,ZORAUSDT,0,0.000000000000,0.000000000000,1,1,0,6,ZORA,USDC,ZORAUSDC,0,0.000000000000,0.000000000000,0,1,0,5,,,,0.000000,0,spot not allowed
USDC,USDT,USDCUSDT,0,0.000000000000,0.000000000000,1,1,0,4,ZK,USDT,ZKUSDT,0,0.000000000000,0.000000000000,1,1,0,5,ZK,USDC,ZKUSDC,0,0.000000000000,0.000000000000,0,1,0,5,,,,0.000000,0,spot not allowed
USDC,USDT,USDCUSDT,0,0.000000000000,0.000000000000,1,1,0,4,USELESS,USDT,USELESSUSDT,0,0.000000000000,0.000000000000,1,1,0,6,USELESS,USDC,USELESSUSDC,0,0.000000000000,0.000000000000,0,1,0,5,,,,0.000000,0,spot not allowed
USDC,USDT,USDCUSDT,0,0.000000000000,0.000000000000,1,1,0,4,XRP,USDT,XRPUSDT,0,0.000000000000,0.000000000000,1,1,0,4,XRP,USDC,XRPUSDC,0,0.000000000000,0.000000000000,1,0,0,4,,,,0.000000,0,market not allowed
USDC,USDT,USDCUSDT,0,0.000000000000,0.000000000000,1,1,0,4,WAVES,USDT,WAVESUSDT,0,0.000000000000,0.000000000000,1,1,0,4,WAVES,USDC,WAVESUSDC,0,0.000000000000,0.000000000000,1,0,0,4,,,,0.000000,0,market not allowed
USDC,USDT,USDCUSDT,0,0.000000000000,0.000000000000,1,1,0,4,USUAL,USDT,USUALUSDT,0,0.000000000000,0.000000000000,1,1,0,5,USUAL,USDC,USUALUSDC,0,0.000000000000,0.000000000000,0,1,0,5,,,,0.000000,0,spot not allowed
USDC,USDT,USDCUSDT,0,0.000000000000,0.000000000000,1,1,0,4,XCN,USDT,XCNUSDT,0,0.000000000000,0.000000000000,1,1,0,7,XCN,USDC,XCNUSDC,0,0.000000000000,0.000000000000,0,1,0,6,,,,0.000000,0,spot not allowed
USDC,USDT,USDCUSDT,0,0.000000000000,0.000000000000,1,1,0,4,XDC,USDT,XDCUSDT,0,0.000000000000,0.000000000000,1,1,0,5,XDC,USDC,XDCUSDC,0,0.000000000000,0.000000000000,0,1,0,5,,,,0.000000,0,spot not allowed
USDC,USDT,USDCUSDT,0,0.000000000000,0.000000000000,1,1,0,4,WHITE,USDT,WHITEUSDT,0,0.000000000000,0.000000000000,1,1,0,7,WHITE,USDC,WHITEUSDC,0,0.000000000000,0.000000000000,0,1,0,7,,,,0.000000,0,spot not allowed
USDC,USDT,USDCUSDT,0,0.000000000000,0.000000000000,1,1,0,4,WLFI,USDT,WLFIUSDT,0,0.000000000000,0.000000000000,1,1,0,4,WLFI,USDC,WLFIUSDC,0,0.000000000000,0.000000000000,0,1,0,4,,,,0.000000,0,spot not allowed
USDC,USDT,USDCUSDT,0,0.000000000000,0.000000000000,1,1,0,4,XEN,USDT,XENUSDT,0,0.000000000000,0.000000000000,1,1,0,11,XEN,USDC,XENUSDC,0,0.000000000000,0.000000000000,1,0,0,11,,,,0.000000,0,market not allowed
USDC,USDT,USDCUSDT,0,0.000000000000,0.000000000000,1,1,0,4,WCT,USDT,WCTUSDT,0,0.000000000000,0.000000000000,1,1,0,5,WCT,USDC,WCTUSDC,0,0.000000000000,0.000000000000,0,1,0,5,,,,0.000000,0,spot not allowed
USDC,USDT,USDCUSDT,0,0.000000000000,0.000000000000,1,1,0,4,ZBCN,USDT,ZBCNUSDT,0,0.000000000000,0.000000000000,1,1,0,7,ZBCN,USDC,ZBCNUSDC,0,0.000000000000,0.000000000000,0,1,0,6,,,,0.000000,0,spot not allowed
USDC,USDT,USDCUSDT,0,0.000000000000,0.000000000000,1,1,0,4,XAN,USDT,XANUSDT,0,0.000000000000,0.000000000000,1,1,0,5,XAN,USDC,XANUSDC,0,0.000000000000,0.000000000000,0,1,0,5,,,,0.000000,0,spot not allowed
USDC,USDT,USDCUSDT,0,0.000000000000,0.000000000000,1,1,0,4,VANRY,USDT,VANRYUSDT,0,0.000000000000,0.000000000000,1,1,0,6,VANRY,USDC,VANRYUSDC,0,0.000000000000,0.000000000000,0,1,0,6,,,,0.000000,0,spot not allowed
USDC,USDF,USDCUSDF,0,0.000000000000,0.000000000000,0,1,0,4,USDF,USDT,USDFUSDT,0,0.000000000000,0.000000000000,1,1,0,4,USDC,USDT,USDCUSDT,0,0.000000000000,0.000000000000,1,1,0,4,,,,0.000000,0,spot not allowed
USDE,USDT,USDEUSDT,0,0.000000000000,0.000000000000,0,1,0,4,XRP,USDT,XRPUSDT,0,0.000000000000,0.000000000000,1,1,0,4,XRP,USDE,XRPUSDE,0,0.000000000000,0.000000000000,0,1,0,4,,,,0.000000,0,spot not allowed
